instrument_id,da_bsapr_indicator,common_da_specific,replicable_to,ref_period
DE_A20_LOAN_00000,DA_BSAPR_03,Scenario2_common+da_specific,FR/IT/ES without refactoring,2023-12
DE_A20_LOAN_00001,DA_BSAPR_01,Scenario2_common+da_specific,FR/IT/ES without refactoring,2023-12
DE_A20_LOAN_00002,DA_BSAPR_03,Scenario2_common+da_specific,FR/IT/ES without refactoring,2023-12
DE_A20_LOAN_00003,DA_BSAPR_02,Scenario2_common+da_specific,FR/IT/ES without refactoring,2023-12
DE_A20_LOAN_00004,DA_BSAPR_02,Scenario2_common+da_specific,FR/IT/ES without refactoring,2023-12
DE_A20_LOAN_00005,DA_BSAPR_01,Scenario2_common+da_specific,FR/IT/ES without refactoring,2023-12
DE_A20_LOAN_00006,DA_BSAPR_02,Scenario2_common+da_specific,FR/IT/ES without refactoring,2023-12
DE_A20_LOAN_00007,DA_BSAPR_01,Scenario2_common+da_specific,FR/IT/ES without refactoring,2023-12
DE_A20_LOAN_00008,DA_BSAPR_01,Scenario2_common+da_specific,FR/IT/ES without refactoring,2023-12
DE_A20_LOAN_00009,DA_BSAPR_02,Scenario2_common+da_specific,FR/IT/ES without refactoring,2023-12
DE_A20_LOAN_00010,DA_BSAPR_01,Scenario2_common+da_specific,FR/IT/ES without refactoring,2023-12
DE_A20_LOAN_00011,DA_BSAPR_02,Scenario2_common+da_specific,FR/IT/ES without refactoring,2023-12
DE_A20_LOAN_00012,DA_BSAPR_03,Scenario2_common+da_specific,FR/IT/ES without refactoring,2023-12
DE_A20_LOAN_00013,DA_BSAPR_03,Scenario2_common+da_specific,FR/IT/ES without refactoring,2023-12
DE_A20_LOAN_00014,DA_BSAPR_01,Scenario2_common+da_specific,FR/IT/ES without refactoring,2023-12
DE_A20_LOAN_00015,DA_BSAPR_02,Scenario2_common+da_specific,FR/IT/ES without refactoring,2023-12
DE_A20_LOAN_00016,DA_BSAPR_02,Scenario2_common+da_specific,FR/IT/ES without refactoring,2023-12
DE_A20_LOAN_00017,DA_BSAPR_03,Scenario2_common+da_specific,FR/IT/ES without refactoring,2023-12
DE_A20_LOAN_00018,DA_BSAPR_03,Scenario2_common+da_specific,FR/IT/ES without refactoring,2023-12
DE_A20_LOAN_00019,DA_BSAPR_02,Scenario2_common+da_specific,FR/IT/ES without refactoring,2023-12
DE_A20_LOAN_00020,DA_BSAPR_01,Scenario2_common+da_specific,FR/IT/ES without refactoring,2023-12
DE_A20_LOAN_00021,DA_BSAPR_03,Scenario2_common+da_specific,FR/IT/ES without refactoring,2023-12
DE_A20_LOAN_00022,DA_BSAPR_01,Scenario2_common+da_specific,FR/IT/ES without refactoring,2023-12
DE_A20_LOAN_00023,DA_BSAPR_01,Scenario2_common+da_specific,FR/IT/ES without refactoring,2023-12
DE_A20_LOAN_00024,DA_BSAPR_03,Scenario2_common+da_specific,FR/IT/ES without refactoring,2023-12
DE_A20_LOAN_00025,DA_BSAPR_01,Scenario2_common+da_specific,FR/IT/ES without refactoring,2023-12
DE_A20_LOAN_00026,DA_BSAPR_01,Scenario2_common+da_specific,FR/IT/ES without refactoring,2023-12
DE_A20_LOAN_00027,DA_BSAPR_02,Scenario2_common+da_specific,FR/IT/ES without refactoring,2023-12
DE_A20_LOAN_00028,DA_BSAPR_01,Scenario2_common+da_specific,FR/IT/ES without refactoring,2023-12
DE_A20_LOAN_00029,DA_BSAPR_02,Scenario2_common+da_specific,FR/IT/ES without refactoring,2023-12
DE_A20_LOAN_00030,DA_BSAPR_03,Scenario2_common+da_specific,FR/IT/ES without refactoring,2023-12
DE_A20_LOAN_00031,DA_BSAPR_03,Scenario2_common+da_specific,FR/IT/ES without refactoring,2023-12
DE_A20_LOAN_00032,DA_BSAPR_02,Scenario2_common+da_specific,FR/IT/ES without refactoring,2023-12
DE_A20_LOAN_00033,DA_BSAPR_03,Scenario2_common+da_specific,FR/IT/ES without refactoring,2023-12
DE_A20_LOAN_00034,DA_BSAPR_01,Scenario2_common+da_specific,FR/IT/ES without refactoring,2023-12
DE_A20_LOAN_00035,DA_BSAPR_01,Scenario2_common+da_specific,FR/IT/ES without refactoring,2023-12
DE_A20_LOAN_00036,DA_BSAPR_01,Scenario2_common+da_specific,FR/IT/ES without refactoring,2023-12
DE_A20_LOAN_00037,DA_BSAPR_03,Scenario2_common+da_specific,FR/IT/ES without refactoring,2023-12
DE_A20_LOAN_00038,DA_BSAPR_01,Scenario2_common+da_specific,FR/IT/ES without refactoring,2023-12
DE_A20_LOAN_00039,DA_BSAPR_03,Scenario2_common+da_specific,FR/IT/ES without refactoring,2023-12
DE_A20_LOAN_00040,DA_BSAPR_01,Scenario2_common+da_specific,FR/IT/ES without refactoring,2023-12
DE_A20_LOAN_00041,DA_BSAPR_02,Scenario2_common+da_specific,FR/IT/ES without refactoring,2023-12
DE_A20_LOAN_00042,DA_BSAPR_03,Scenario2_common+da_specific,FR/IT/ES without refactoring,2023-12
DE_A20_LOAN_00043,DA_BSAPR_03,Scenario2_common+da_specific,FR/IT/ES without refactoring,2023-12
DE_A20_LOAN_00044,DA_BSAPR_01,Scenario2_common+da_specific,FR/IT/ES without refactoring,2023-12
DE_A20_LOAN_00045,DA_BSAPR_03,Scenario2_common+da_specific,FR/IT/ES without refactoring,2023-12
DE_A20_LOAN_00046,DA_BSAPR_03,Scenario2_common+da_specific,FR/IT/ES without refactoring,2023-12
DE_A20_LOAN_00047,DA_BSAPR_02,Scenario2_common+da_specific,FR/IT/ES without refactoring,2023-12
DE_A20_LOAN_00048,DA_BSAPR_02,Scenario2_common+da_specific,FR/IT/ES without refactoring,2023-12
DE_A20_LOAN_00049,DA_BSAPR_01,Scenario2_common+da_specific,FR/IT/ES without refactoring,2023-12
DE_A20_LOAN_00050,DA_BSAPR_02,Scenario2_common+da_specific,FR/IT/ES without refactoring,2023-12
DE_A20_LOAN_00051,DA_BSAPR_01,Scenario2_common+da_specific,FR/IT/ES without refactoring,2023-12
DE_A20_LOAN_00052,DA_BSAPR_01,Scenario2_common+da_specific,FR/IT/ES without refactoring,2023-12
DE_A20_LOAN_00053,DA_BSAPR_01,Scenario2_common+da_specific,FR/IT/ES without refactoring,2023-12
DE_A20_LOAN_00054,DA_BSAPR_03,Scenario2_common+da_specific,FR/IT/ES without refactoring,2023-12
DE_A20_LOAN_00055,DA_BSAPR_02,Scenario2_common+da_specific,FR/IT/ES without refactoring,2023-12
DE_A20_LOAN_00056,DA_BSAPR_01,Scenario2_common+da_specific,FR/IT/ES without refactoring,2023-12
DE_A20_LOAN_00057,DA_BSAPR_02,Scenario2_common+da_specific,FR/IT/ES without refactoring,2023-12
DE_A20_LOAN_00058,DA_BSAPR_01,Scenario2_common+da_specific,FR/IT/ES without refactoring,2023-12
DE_A20_LOAN_00059,DA_BSAPR_02,Scenario2_common+da_specific,FR/IT/ES without refactoring,2023-12
DE_A20_LOAN_00060,DA_BSAPR_02,Scenario2_common+da_specific,FR/IT/ES without refactoring,2023-12
DE_A20_LOAN_00061,DA_BSAPR_01,Scenario2_common+da_specific,FR/IT/ES without refactoring,2023-12
DE_A20_LOAN_00062,DA_BSAPR_03,Scenario2_common+da_specific,FR/IT/ES without refactoring,2023-12
DE_A20_LOAN_00063,DA_BSAPR_02,Scenario2_common+da_specific,FR/IT/ES without refactoring,2023-12
DE_A20_LOAN_00064,DA_BSAPR_03,Scenario2_common+da_specific,FR/IT/ES without refactoring,2023-12
DE_A20_LOAN_00065,DA_BSAPR_03,Scenario2_common+da_specific,FR/IT/ES without refactoring,2023-12
DE_A20_LOAN_00066,DA_BSAPR_01,Scenario2_common+da_specific,FR/IT/ES without refactoring,2023-12
DE_A20_LOAN_00067,DA_BSAPR_01,Scenario2_common+da_specific,FR/IT/ES without refactoring,2023-12
DE_A20_LOAN_00068,DA_BSAPR_01,Scenario2_common+da_specific,FR/IT/ES without refactoring,2023-12
DE_A20_LOAN_00069,DA_BSAPR_02,Scenario2_common+da_specific,FR/IT/ES without refactoring,2023-12
DE_A20_LOAN_00070,DA_BSAPR_01,Scenario2_common+da_specific,FR/IT/ES without refactoring,2023-12
DE_A20_LOAN_00071,DA_BSAPR_01,Scenario2_common+da_specific,FR/IT/ES without refactoring,2023-12
DE_A20_LOAN_00072,DA_BSAPR_02,Scenario2_common+da_specific,FR/IT/ES without refactoring,2023-12
DE_A20_LOAN_00073,DA_BSAPR_02,Scenario2_common+da_specific,FR/IT/ES without refactoring,2023-12
DE_A20_LOAN_00074,DA_BSAPR_01,Scenario2_common+da_specific,FR/IT/ES without refactoring,2023-12
DE_A20_LOAN_00075,DA_BSAPR_01,Scenario2_common+da_specific,FR/IT/ES without refactoring,2023-12
DE_A20_LOAN_00076,DA_BSAPR_01,Scenario2_common+da_specific,FR/IT/ES without refactoring,2023-12
DE_A20_LOAN_00077,DA_BSAPR_01,Scenario2_common+da_specific,FR/IT/ES without refactoring,2023-12
DE_A20_LOAN_00078,DA_BSAPR_03,Scenario2_common+da_specific,FR/IT/ES without refactoring,2023-12
DE_A20_LOAN_00079,DA_BSAPR_03,Scenario2_common+da_specific,FR/IT/ES without refactoring,2023-12
DE_A20_LOAN_00080,DA_BSAPR_01,Scenario2_common+da_specific,FR/IT/ES without refactoring,2023-12
DE_A20_LOAN_00081,DA_BSAPR_03,Scenario2_common+da_specific,FR/IT/ES without refactoring,2023-12
DE_A20_LOAN_00082,DA_BSAPR_02,Scenario2_common+da_specific,FR/IT/ES without refactoring,2023-12
DE_A20_LOAN_00083,DA_BSAPR_03,Scenario2_common+da_specific,FR/IT/ES without refactoring,2023-12
DE_A20_LOAN_00084,DA_BSAPR_03,Scenario2_common+da_specific,FR/IT/ES without refactoring,2023-12
DE_A20_LOAN_00085,DA_BSAPR_01,Scenario2_common+da_specific,FR/IT/ES without refactoring,2023-12
DE_A20_LOAN_00086,DA_BSAPR_03,Scenario2_common+da_specific,FR/IT/ES without refactoring,2023-12
DE_A20_LOAN_00087,DA_BSAPR_03,Scenario2_common+da_specific,FR/IT/ES without refactoring,2023-12
DE_A20_LOAN_00088,DA_BSAPR_03,Scenario2_common+da_specific,FR/IT/ES without refactoring,2023-12
DE_A20_LOAN_00089,DA_BSAPR_03,Scenario2_common+da_specific,FR/IT/ES without refactoring,2023-12
DE_A20_LOAN_00090,DA_BSAPR_02,Scenario2_common+da_specific,FR/IT/ES without refactoring,2023-12
DE_A20_LOAN_00091,DA_BSAPR_01,Scenario2_common+da_specific,FR/IT/ES without refactoring,2023-12
DE_A20_LOAN_00092,DA_BSAPR_01,Scenario2_common+da_specific,FR/IT/ES without refactoring,2023-12
DE_A20_LOAN_00093,DA_BSAPR_02,Scenario2_common+da_specific,FR/IT/ES without refactoring,2023-12
DE_A20_LOAN_00094,DA_BSAPR_03,Scenario2_common+da_specific,FR/IT/ES without refactoring,2023-12
DE_A20_LOAN_00095,DA_BSAPR_02,Scenario2_common+da_specific,FR/IT/ES without refactoring,2023-12
DE_A20_LOAN_00096,DA_BSAPR_03,Scenario2_common+da_specific,FR/IT/ES without refactoring,2023-12
DE_A20_LOAN_00097,DA_BSAPR_02,Scenario2_common+da_specific,FR/IT/ES without refactoring,2023-12
DE_A20_LOAN_00098,DA_BSAPR_01,Scenario2_common+da_specific,FR/IT/ES without refactoring,2023-12
DE_A20_LOAN_00099,DA_BSAPR_01,Scenario2_common+da_specific,FR/IT/ES without refactoring,2023-12
DE_A20_LOAN_00100,DA_BSAPR_01,Scenario2_common+da_specific,FR/IT/ES without refactoring,2023-12
DE_A20_LOAN_00101,DA_BSAPR_03,Scenario2_common+da_specific,FR/IT/ES without refactoring,2023-12
DE_A20_LOAN_00102,DA_BSAPR_03,Scenario2_common+da_specific,FR/IT/ES without refactoring,2023-12
DE_A20_LOAN_00103,DA_BSAPR_02,Scenario2_common+da_specific,FR/IT/ES without refactoring,2023-12
DE_A20_LOAN_00104,DA_BSAPR_02,Scenario2_common+da_specific,FR/IT/ES without refactoring,2023-12
DE_A20_LOAN_00105,DA_BSAPR_01,Scenario2_common+da_specific,FR/IT/ES without refactoring,2023-12
DE_A20_LOAN_00106,DA_BSAPR_03,Scenario2_common+da_specific,FR/IT/ES without refactoring,2023-12
DE_A20_LOAN_00107,DA_BSAPR_02,Scenario2_common+da_specific,FR/IT/ES without refactoring,2023-12
DE_A20_LOAN_00108,DA_BSAPR_03,Scenario2_common+da_specific,FR/IT/ES without refactoring,2023-12
DE_A20_LOAN_00109,DA_BSAPR_03,Scenario2_common+da_specific,FR/IT/ES without refactoring,2023-12
DE_A20_LOAN_00110,DA_BSAPR_01,Scenario2_common+da_specific,FR/IT/ES without refactoring,2023-12
DE_A20_LOAN_00111,DA_BSAPR_01,Scenario2_common+da_specific,FR/IT/ES without refactoring,2023-12
DE_A20_LOAN_00112,DA_BSAPR_03,Scenario2_common+da_specific,FR/IT/ES without refactoring,2023-12
DE_A20_LOAN_00113,DA_BSAPR_03,Scenario2_common+da_specific,FR/IT/ES without refactoring,2023-12
DE_A20_LOAN_00114,DA_BSAPR_03,Scenario2_common+da_specific,FR/IT/ES without refactoring,2023-12
DE_A20_LOAN_00115,DA_BSAPR_03,Scenario2_common+da_specific,FR/IT/ES without refactoring,2023-12
DE_A20_LOAN_00116,DA_BSAPR_01,Scenario2_common+da_specific,FR/IT/ES without refactoring,2023-12
DE_A20_LOAN_00117,DA_BSAPR_02,Scenario2_common+da_specific,FR/IT/ES without refactoring,2023-12
DE_A20_LOAN_00118,DA_BSAPR_01,Scenario2_common+da_specific,FR/IT/ES without refactoring,2023-12
DE_A20_LOAN_00119,DA_BSAPR_02,Scenario2_common+da_specific,FR/IT/ES without refactoring,2023-12
DE_A20_LOAN_00120,DA_BSAPR_03,Scenario2_common+da_specific,FR/IT/ES without refactoring,2023-12
DE_A20_LOAN_00121,DA_BSAPR_02,Scenario2_common+da_specific,FR/IT/ES without refactoring,2023-12
DE_A20_LOAN_00122,DA_BSAPR_01,Scenario2_common+da_specific,FR/IT/ES without refactoring,2023-12
DE_A20_LOAN_00123,DA_BSAPR_01,Scenario2_common+da_specific,FR/IT/ES without refactoring,2023-12
DE_A20_LOAN_00124,DA_BSAPR_03,Scenario2_common+da_specific,FR/IT/ES without refactoring,2023-12
DE_A20_LOAN_00125,DA_BSAPR_01,Scenario2_common+da_specific,FR/IT/ES without refactoring,2023-12
DE_A20_LOAN_00126,DA_BSAPR_03,Scenario2_common+da_specific,FR/IT/ES without refactoring,2023-12
DE_A20_LOAN_00127,DA_BSAPR_01,Scenario2_common+da_specific,FR/IT/ES without refactoring,2023-12
DE_A20_LOAN_00128,DA_BSAPR_01,Scenario2_common+da_specific,FR/IT/ES without refactoring,2023-12
DE_A20_LOAN_00129,DA_BSAPR_03,Scenario2_common+da_specific,FR/IT/ES without refactoring,2023-12
DE_A20_LOAN_00130,DA_BSAPR_02,Scenario2_common+da_specific,FR/IT/ES without refactoring,2023-12
DE_A20_LOAN_00131,DA_BSAPR_01,Scenario2_common+da_specific,FR/IT/ES without refactoring,2023-12
DE_A20_LOAN_00132,DA_BSAPR_02,Scenario2_common+da_specific,FR/IT/ES without refactoring,2023-12
DE_A20_LOAN_00133,DA_BSAPR_01,Scenario2_common+da_specific,FR/IT/ES without refactoring,2023-12
DE_A20_LOAN_00134,DA_BSAPR_01,Scenario2_common+da_specific,FR/IT/ES without refactoring,2023-12
DE_A20_LOAN_00135,DA_BSAPR_01,Scenario2_common+da_specific,FR/IT/ES without refactoring,2023-12
DE_A20_LOAN_00136,DA_BSAPR_01,Scenario2_common+da_specific,FR/IT/ES without refactoring,2023-12
DE_A20_LOAN_00137,DA_BSAPR_02,Scenario2_common+da_specific,FR/IT/ES without refactoring,2023-12
DE_A20_LOAN_00138,DA_BSAPR_02,Scenario2_common+da_specific,FR/IT/ES without refactoring,2023-12
DE_A20_LOAN_00139,DA_BSAPR_01,Scenario2_common+da_specific,FR/IT/ES without refactoring,2023-12
DE_A20_LOAN_00140,DA_BSAPR_01,Scenario2_common+da_specific,FR/IT/ES without refactoring,2023-12
DE_A20_LOAN_00141,DA_BSAPR_02,Scenario2_common+da_specific,FR/IT/ES without refactoring,2023-12
DE_A20_LOAN_00142,DA_BSAPR_03,Scenario2_common+da_specific,FR/IT/ES without refactoring,2023-12
DE_A20_LOAN_00143,DA_BSAPR_03,Scenario2_common+da_specific,FR/IT/ES without refactoring,2023-12
DE_A20_LOAN_00144,DA_BSAPR_02,Scenario2_common+da_specific,FR/IT/ES without refactoring,2023-12
DE_A20_LOAN_00145,DA_BSAPR_01,Scenario2_common+da_specific,FR/IT/ES without refactoring,2023-12
DE_A20_LOAN_00146,DA_BSAPR_01,Scenario2_common+da_specific,FR/IT/ES without refactoring,2023-12
DE_A20_LOAN_00147,DA_BSAPR_03,Scenario2_common+da_specific,FR/IT/ES without refactoring,2023-12
DE_A20_LOAN_00148,DA_BSAPR_03,Scenario2_common+da_specific,FR/IT/ES without refactoring,2023-12
DE_A20_LOAN_00149,DA_BSAPR_02,Scenario2_common+da_specific,FR/IT/ES without refactoring,2023-12
DE_A20_LOAN_00150,DA_BSAPR_03,Scenario2_common+da_specific,FR/IT/ES without refactoring,2023-12
DE_A20_LOAN_00151,DA_BSAPR_02,Scenario2_common+da_specific,FR/IT/ES without refactoring,2023-12
DE_A20_LOAN_00152,DA_BSAPR_03,Scenario2_common+da_specific,FR/IT/ES without refactoring,2023-12
DE_A20_LOAN_00153,DA_BSAPR_03,Scenario2_common+da_specific,FR/IT/ES without refactoring,2023-12
DE_A20_LOAN_00154,DA_BSAPR_03,Scenario2_common+da_specific,FR/IT/ES without refactoring,2023-12
DE_A20_LOAN_00155,DA_BSAPR_01,Scenario2_common+da_specific,FR/IT/ES without refactoring,2023-12
DE_A20_LOAN_00156,DA_BSAPR_01,Scenario2_common+da_specific,FR/IT/ES without refactoring,2023-12
DE_A20_LOAN_00157,DA_BSAPR_01,Scenario2_common+da_specific,FR/IT/ES without refactoring,2023-12
DE_A20_LOAN_00158,DA_BSAPR_03,Scenario2_common+da_specific,FR/IT/ES without refactoring,2023-12
DE_A20_LOAN_00159,DA_BSAPR_02,Scenario2_common+da_specific,FR/IT/ES without refactoring,2023-12
DE_A20_LOAN_00160,DA_BSAPR_02,Scenario2_common+da_specific,FR/IT/ES without refactoring,2023-12
DE_A20_LOAN_00161,DA_BSAPR_02,Scenario2_common+da_specific,FR/IT/ES without refactoring,2023-12
DE_A20_LOAN_00162,DA_BSAPR_02,Scenario2_common+da_specific,FR/IT/ES without refactoring,2023-12
DE_A20_LOAN_00163,DA_BSAPR_01,Scenario2_common+da_specific,FR/IT/ES without refactoring,2023-12
DE_A20_LOAN_00164,DA_BSAPR_01,Scenario2_common+da_specific,FR/IT/ES without refactoring,2023-12
DE_A20_LOAN_00165,DA_BSAPR_03,Scenario2_common+da_specific,FR/IT/ES without refactoring,2023-12
DE_A20_LOAN_00166,DA_BSAPR_03,Scenario2_common+da_specific,FR/IT/ES without refactoring,2023-12
DE_A20_LOAN_00167,DA_BSAPR_02,Scenario2_common+da_specific,FR/IT/ES without refactoring,2023-12
DE_A20_LOAN_00168,DA_BSAPR_01,Scenario2_common+da_specific,FR/IT/ES without refactoring,2023-12
DE_A20_LOAN_00169,DA_BSAPR_02,Scenario2_common+da_specific,FR/IT/ES without refactoring,2023-12
DE_A20_LOAN_00170,DA_BSAPR_03,Scenario2_common+da_specific,FR/IT/ES without refactoring,2023-12
DE_A20_LOAN_00171,DA_BSAPR_03,Scenario2_common+da_specific,FR/IT/ES without refactoring,2023-12
DE_A20_LOAN_00172,DA_BSAPR_02,Scenario2_common+da_specific,FR/IT/ES without refactoring,2023-12
DE_A20_LOAN_00173,DA_BSAPR_03,Scenario2_common+da_specific,FR/IT/ES without refactoring,2023-12
DE_A20_LOAN_00174,DA_BSAPR_02,Scenario2_common+da_specific,FR/IT/ES without refactoring,2023-12
DE_A20_LOAN_00175,DA_BSAPR_01,Scenario2_common+da_specific,FR/IT/ES without refactoring,2023-12
DE_A20_LOAN_00176,DA_BSAPR_02,Scenario2_common+da_specific,FR/IT/ES without refactoring,2023-12
DE_A20_LOAN_00177,DA_BSAPR_01,Scenario2_common+da_specific,FR/IT/ES without refactoring,2023-12
DE_A20_LOAN_00178,DA_BSAPR_01,Scenario2_common+da_specific,FR/IT/ES without refactoring,2023-12
DE_A20_LOAN_00179,DA_BSAPR_03,Scenario2_common+da_specific,FR/IT/ES without refactoring,2023-12
DE_A20_LOAN_00180,DA_BSAPR_03,Scenario2_common+da_specific,FR/IT/ES without refactoring,2023-12
DE_A20_LOAN_00181,DA_BSAPR_03,Scenario2_common+da_specific,FR/IT/ES without refactoring,2023-12
DE_A20_LOAN_00182,DA_BSAPR_02,Scenario2_common+da_specific,FR/IT/ES without refactoring,2023-12
DE_A20_LOAN_00183,DA_BSAPR_02,Scenario2_common+da_specific,FR/IT/ES without refactoring,2023-12
DE_A20_LOAN_00184,DA_BSAPR_03,Scenario2_common+da_specific,FR/IT/ES without refactoring,2023-12
DE_A20_LOAN_00185,DA_BSAPR_02,Scenario2_common+da_specific,FR/IT/ES without refactoring,2023-12
DE_A20_LOAN_00186,DA_BSAPR_03,Scenario2_common+da_specific,FR/IT/ES without refactoring,2023-12
DE_A20_LOAN_00187,DA_BSAPR_02,Scenario2_common+da_specific,FR/IT/ES without refactoring,2023-12
DE_A20_LOAN_00188,DA_BSAPR_01,Scenario2_common+da_specific,FR/IT/ES without refactoring,2023-12
DE_A20_LOAN_00189,DA_BSAPR_01,Scenario2_common+da_specific,FR/IT/ES without refactoring,2023-12
DE_A20_LOAN_00190,DA_BSAPR_03,Scenario2_common+da_specific,FR/IT/ES without refactoring,2023-12
DE_A20_LOAN_00191,DA_BSAPR_02,Scenario2_common+da_specific,FR/IT/ES without refactoring,2023-12
DE_A20_LOAN_00192,DA_BSAPR_02,Scenario2_common+da_specific,FR/IT/ES without refactoring,2023-12
DE_A20_LOAN_00193,DA_BSAPR_01,Scenario2_common+da_specific,FR/IT/ES without refactoring,2023-12
DE_A20_LOAN_00194,DA_BSAPR_01,Scenario2_common+da_specific,FR/IT/ES without refactoring,2023-12
DE_A20_LOAN_00195,DA_BSAPR_03,Scenario2_common+da_specific,FR/IT/ES without refactoring,2023-12
DE_A20_LOAN_00196,DA_BSAPR_01,Scenario2_common+da_specific,FR/IT/ES without refactoring,2023-12
DE_A20_LOAN_00197,DA_BSAPR_03,Scenario2_common+da_specific,FR/IT/ES without refactoring,2023-12
DE_A20_LOAN_00198,DA_BSAPR_01,Scenario2_common+da_specific,FR/IT/ES without refactoring,2023-12
DE_A20_LOAN_00199,DA_BSAPR_01,Scenario2_common+da_specific,FR/IT/ES without refactoring,2023-12
DE_A20_LOAN_00200,DA_BSAPR_02,Scenario2_common+da_specific,FR/IT/ES without refactoring,2023-12
DE_A20_LOAN_00201,DA_BSAPR_01,Scenario2_common+da_specific,FR/IT/ES without refactoring,2023-12
DE_A20_LOAN_00202,DA_BSAPR_01,Scenario2_common+da_specific,FR/IT/ES without refactoring,2023-12
DE_A20_LOAN_00203,DA_BSAPR_03,Scenario2_common+da_specific,FR/IT/ES without refactoring,2023-12
DE_A20_LOAN_00204,DA_BSAPR_01,Scenario2_common+da_specific,FR/IT/ES without refactoring,2023-12
DE_A20_LOAN_00205,DA_BSAPR_03,Scenario2_common+da_specific,FR/IT/ES without refactoring,2023-12
DE_A20_LOAN_00206,DA_BSAPR_01,Scenario2_common+da_specific,FR/IT/ES without refactoring,2023-12
DE_A20_LOAN_00207,DA_BSAPR_01,Scenario2_common+da_specific,FR/IT/ES without refactoring,2023-12
DE_A20_LOAN_00208,DA_BSAPR_03,Scenario2_common+da_specific,FR/IT/ES without refactoring,2023-12
DE_A20_LOAN_00209,DA_BSAPR_02,Scenario2_common+da_specific,FR/IT/ES without refactoring,2023-12
DE_A20_LOAN_00210,DA_BSAPR_03,Scenario2_common+da_specific,FR/IT/ES without refactoring,2023-12
DE_A20_LOAN_00211,DA_BSAPR_03,Scenario2_common+da_specific,FR/IT/ES without refactoring,2023-12
DE_A20_LOAN_00212,DA_BSAPR_03,Scenario2_common+da_specific,FR/IT/ES without refactoring,2023-12
DE_A20_LOAN_00213,DA_BSAPR_02,Scenario2_common+da_specific,FR/IT/ES without refactoring,2023-12
DE_A20_LOAN_00214,DA_BSAPR_01,Scenario2_common+da_specific,FR/IT/ES without refactoring,2023-12
DE_A20_LOAN_00215,DA_BSAPR_03,Scenario2_common+da_specific,FR/IT/ES without refactoring,2023-12
DE_A20_LOAN_00216,DA_BSAPR_03,Scenario2_common+da_specific,FR/IT/ES without refactoring,2023-12
DE_A20_LOAN_00217,DA_BSAPR_02,Scenario2_common+da_specific,FR/IT/ES without refactoring,2023-12
DE_A20_LOAN_00218,DA_BSAPR_03,Scenario2_common+da_specific,FR/IT/ES without refactoring,2023-12
DE_A20_LOAN_00219,DA_BSAPR_01,Scenario2_common+da_specific,FR/IT/ES without refactoring,2023-12
DE_A20_LOAN_00220,DA_BSAPR_02,Scenario2_common+da_specific,FR/IT/ES without refactoring,2023-12
DE_A20_LOAN_00221,DA_BSAPR_01,Scenario2_common+da_specific,FR/IT/ES without refactoring,2023-12
DE_A20_LOAN_00222,DA_BSAPR_01,Scenario2_common+da_specific,FR/IT/ES without refactoring,2023-12
DE_A20_LOAN_00223,DA_BSAPR_02,Scenario2_common+da_specific,FR/IT/ES without refactoring,2023-12
DE_A20_LOAN_00224,DA_BSAPR_03,Scenario2_common+da_specific,FR/IT/ES without refactoring,2023-12
DE_A20_LOAN_00225,DA_BSAPR_01,Scenario2_common+da_specific,FR/IT/ES without refactoring,2023-12
DE_A20_LOAN_00226,DA_BSAPR_01,Scenario2_common+da_specific,FR/IT/ES without refactoring,2023-12
DE_A20_LOAN_00227,DA_BSAPR_01,Scenario2_common+da_specific,FR/IT/ES without refactoring,2023-12
DE_A20_LOAN_00228,DA_BSAPR_01,Scenario2_common+da_specific,FR/IT/ES without refactoring,2023-12
DE_A20_LOAN_00229,DA_BSAPR_02,Scenario2_common+da_specific,FR/IT/ES without refactoring,2023-12
DE_A20_LOAN_00230,DA_BSAPR_02,Scenario2_common+da_specific,FR/IT/ES without refactoring,2023-12
DE_A20_LOAN_00231,DA_BSAPR_01,Scenario2_common+da_specific,FR/IT/ES without refactoring,2023-12
DE_A20_LOAN_00232,DA_BSAPR_03,Scenario2_common+da_specific,FR/IT/ES without refactoring,2023-12
DE_A20_LOAN_00233,DA_BSAPR_01,Scenario2_common+da_specific,FR/IT/ES without refactoring,2023-12
DE_A20_LOAN_00234,DA_BSAPR_03,Scenario2_common+da_specific,FR/IT/ES without refactoring,2023-12
DE_A20_LOAN_00235,DA_BSAPR_01,Scenario2_common+da_specific,FR/IT/ES without refactoring,2023-12
DE_A20_LOAN_00236,DA_BSAPR_03,Scenario2_common+da_specific,FR/IT/ES without refactoring,2023-12
DE_A20_LOAN_00237,DA_BSAPR_01,Scenario2_common+da_specific,FR/IT/ES without refactoring,2023-12
DE_A20_LOAN_00238,DA_BSAPR_03,Scenario2_common+da_specific,FR/IT/ES without refactoring,2023-12
DE_A20_LOAN_00239,DA_BSAPR_01,Scenario2_common+da_specific,FR/IT/ES without refactoring,2023-12
DE_A20_LOAN_00240,DA_BSAPR_01,Scenario2_common+da_specific,FR/IT/ES without refactoring,2023-12
DE_A20_LOAN_00241,DA_BSAPR_03,Scenario2_common+da_specific,FR/IT/ES without refactoring,2023-12
DE_A20_LOAN_00242,DA_BSAPR_02,Scenario2_common+da_specific,FR/IT/ES without refactoring,2023-12
DE_A20_LOAN_00243,DA_BSAPR_03,Scenario2_common+da_specific,FR/IT/ES without refactoring,2023-12
DE_A20_LOAN_00244,DA_BSAPR_02,Scenario2_common+da_specific,FR/IT/ES without refactoring,2023-12
DE_A20_LOAN_00245,DA_BSAPR_01,Scenario2_common+da_specific,FR/IT/ES without refactoring,2023-12
DE_A20_LOAN_00246,DA_BSAPR_03,Scenario2_common+da_specific,FR/IT/ES without refactoring,2023-12
DE_A20_LOAN_00247,DA_BSAPR_03,Scenario2_common+da_specific,FR/IT/ES without refactoring,2023-12
DE_A20_LOAN_00248,DA_BSAPR_03,Scenario2_common+da_specific,FR/IT/ES without refactoring,2023-12
DE_A20_LOAN_00249,DA_BSAPR_02,Scenario2_common+da_specific,FR/IT/ES without refactoring,2023-12
DE_A20_LOAN_00250,DA_BSAPR_02,Scenario2_common+da_specific,FR/IT/ES without refactoring,2023-12
DE_A20_LOAN_00251,DA_BSAPR_01,Scenario2_common+da_specific,FR/IT/ES without refactoring,2023-12
DE_A20_LOAN_00252,DA_BSAPR_02,Scenario2_common+da_specific,FR/IT/ES without refactoring,2023-12
DE_A20_LOAN_00253,DA_BSAPR_02,Scenario2_common+da_specific,FR/IT/ES without refactoring,2023-12
DE_A20_LOAN_00254,DA_BSAPR_01,Scenario2_common+da_specific,FR/IT/ES without refactoring,2023-12
DE_A20_LOAN_00255,DA_BSAPR_03,Scenario2_common+da_specific,FR/IT/ES without refactoring,2023-12
DE_A20_LOAN_00256,DA_BSAPR_03,Scenario2_common+da_specific,FR/IT/ES without refactoring,2023-12
DE_A20_LOAN_00257,DA_BSAPR_01,Scenario2_common+da_specific,FR/IT/ES without refactoring,2023-12
DE_A20_LOAN_00258,DA_BSAPR_03,Scenario2_common+da_specific,FR/IT/ES without refactoring,2023-12
DE_A20_LOAN_00259,DA_BSAPR_02,Scenario2_common+da_specific,FR/IT/ES without refactoring,2023-12
DE_A20_LOAN_00260,DA_BSAPR_01,Scenario2_common+da_specific,FR/IT/ES without refactoring,2023-12
DE_A20_LOAN_00261,DA_BSAPR_01,Scenario2_common+da_specific,FR/IT/ES without refactoring,2023-12
DE_A20_LOAN_00262,DA_BSAPR_01,Scenario2_common+da_specific,FR/IT/ES without refactoring,2023-12
DE_A20_LOAN_00263,DA_BSAPR_03,Scenario2_common+da_specific,FR/IT/ES without refactoring,2023-12
DE_A20_LOAN_00264,DA_BSAPR_01,Scenario2_common+da_specific,FR/IT/ES without refactoring,2023-12
DE_A20_LOAN_00265,DA_BSAPR_01,Scenario2_common+da_specific,FR/IT/ES without refactoring,2023-12
DE_A20_LOAN_00266,DA_BSAPR_01,Scenario2_common+da_specific,FR/IT/ES without refactoring,2023-12
DE_A20_LOAN_00267,DA_BSAPR_03,Scenario2_common+da_specific,FR/IT/ES without refactoring,2023-12
DE_A20_LOAN_00268,DA_BSAPR_02,Scenario2_common+da_specific,FR/IT/ES without refactoring,2023-12
DE_A20_LOAN_00269,DA_BSAPR_01,Scenario2_common+da_specific,FR/IT/ES without refactoring,2023-12
DE_A20_LOAN_00270,DA_BSAPR_02,Scenario2_common+da_specific,FR/IT/ES without refactoring,2023-12
DE_A20_LOAN_00271,DA_BSAPR_03,Scenario2_common+da_specific,FR/IT/ES without refactoring,2023-12
DE_A20_LOAN_00272,DA_BSAPR_03,Scenario2_common+da_specific,FR/IT/ES without refactoring,2023-12
DE_A20_LOAN_00273,DA_BSAPR_03,Scenario2_common+da_specific,FR/IT/ES without refactoring,2023-12
DE_A20_LOAN_00274,DA_BSAPR_03,Scenario2_common+da_specific,FR/IT/ES without refactoring,2023-12
DE_A20_LOAN_00275,DA_BSAPR_02,Scenario2_common+da_specific,FR/IT/ES without refactoring,2023-12
DE_A20_LOAN_00276,DA_BSAPR_01,Scenario2_common+da_specific,FR/IT/ES without refactoring,2023-12
DE_A20_LOAN_00277,DA_BSAPR_03,Scenario2_common+da_specific,FR/IT/ES without refactoring,2023-12
DE_A20_LOAN_00278,DA_BSAPR_03,Scenario2_common+da_specific,FR/IT/ES without refactoring,2023-12
DE_A20_LOAN_00279,DA_BSAPR_02,Scenario2_common+da_specific,FR/IT/ES without refactoring,2023-12
DE_A20_LOAN_00280,DA_BSAPR_02,Scenario2_common+da_specific,FR/IT/ES without refactoring,2023-12
DE_A20_LOAN_00281,DA_BSAPR_03,Scenario2_common+da_specific,FR/IT/ES without refactoring,2023-12
DE_A20_LOAN_00282,DA_BSAPR_01,Scenario2_common+da_specific,FR/IT/ES without refactoring,2023-12
DE_A20_LOAN_00283,DA_BSAPR_01,Scenario2_common+da_specific,FR/IT/ES without refactoring,2023-12
DE_A20_LOAN_00284,DA_BSAPR_03,Scenario2_common+da_specific,FR/IT/ES without refactoring,2023-12
DE_A20_LOAN_00285,DA_BSAPR_02,Scenario2_common+da_specific,FR/IT/ES without refactoring,2023-12
DE_A20_LOAN_00286,DA_BSAPR_03,Scenario2_common+da_specific,FR/IT/ES without refactoring,2023-12
DE_A20_LOAN_00287,DA_BSAPR_03,Scenario2_common+da_specific,FR/IT/ES without refactoring,2023-12
DE_A20_LOAN_00288,DA_BSAPR_02,Scenario2_common+da_specific,FR/IT/ES without refactoring,2023-12
DE_A20_LOAN_00289,DA_BSAPR_03,Scenario2_common+da_specific,FR/IT/ES without refactoring,2023-12
DE_A20_LOAN_00290,DA_BSAPR_03,Scenario2_common+da_specific,FR/IT/ES without refactoring,2023-12
DE_A20_LOAN_00291,DA_BSAPR_03,Scenario2_common+da_specific,FR/IT/ES without refactoring,2023-12
DE_A20_LOAN_00292,DA_BSAPR_02,Scenario2_common+da_specific,FR/IT/ES without refactoring,2023-12
DE_A20_LOAN_00293,DA_BSAPR_01,Scenario2_common+da_specific,FR/IT/ES without refactoring,2023-12
DE_A20_LOAN_00294,DA_BSAPR_01,Scenario2_common+da_specific,FR/IT/ES without refactoring,2023-12
DE_A20_LOAN_00295,DA_BSAPR_02,Scenario2_common+da_specific,FR/IT/ES without refactoring,2023-12
DE_A20_LOAN_00296,DA_BSAPR_01,Scenario2_common+da_specific,FR/IT/ES without refactoring,2023-12
DE_A20_LOAN_00297,DA_BSAPR_03,Scenario2_common+da_specific,FR/IT/ES without refactoring,2023-12
DE_A20_LOAN_00298,DA_BSAPR_01,Scenario2_common+da_specific,FR/IT/ES without refactoring,2023-12
DE_A20_LOAN_00299,DA_BSAPR_03,Scenario2_common+da_specific,FR/IT/ES without refactoring,2023-12
DE_A20_LOAN_00300,DA_BSAPR_01,Scenario2_common+da_specific,FR/IT/ES without refactoring,2023-12
DE_A20_LOAN_00301,DA_BSAPR_02,Scenario2_common+da_specific,FR/IT/ES without refactoring,2023-12
DE_A20_LOAN_00302,DA_BSAPR_01,Scenario2_common+da_specific,FR/IT/ES without refactoring,2023-12
DE_A20_LOAN_00303,DA_BSAPR_01,Scenario2_common+da_specific,FR/IT/ES without refactoring,2023-12
DE_A20_LOAN_00304,DA_BSAPR_01,Scenario2_common+da_specific,FR/IT/ES without refactoring,2023-12
DE_A20_LOAN_00305,DA_BSAPR_02,Scenario2_common+da_specific,FR/IT/ES without refactoring,2023-12
DE_A20_LOAN_00306,DA_BSAPR_01,Scenario2_common+da_specific,FR/IT/ES without refactoring,2023-12
DE_A20_LOAN_00307,DA_BSAPR_02,Scenario2_common+da_specific,FR/IT/ES without refactoring,2023-12
DE_A20_LOAN_00308,DA_BSAPR_03,Scenario2_common+da_specific,FR/IT/ES without refactoring,2023-12
DE_A20_LOAN_00309,DA_BSAPR_01,Scenario2_common+da_specific,FR/IT/ES without refactoring,2023-12
DE_A20_LOAN_00310,DA_BSAPR_02,Scenario2_common+da_specific,FR/IT/ES without refactoring,2023-12
DE_A20_LOAN_00311,DA_BSAPR_02,Scenario2_common+da_specific,FR/IT/ES without refactoring,2023-12
DE_A20_LOAN_00312,DA_BSAPR_01,Scenario2_common+da_specific,FR/IT/ES without refactoring,2023-12
DE_A20_LOAN_00313,DA_BSAPR_03,Scenario2_common+da_specific,FR/IT/ES without refactoring,2023-12
DE_A20_LOAN_00314,DA_BSAPR_02,Scenario2_common+da_specific,FR/IT/ES without refactoring,2023-12
DE_A20_LOAN_00315,DA_BSAPR_01,Scenario2_common+da_specific,FR/IT/ES without refactoring,2023-12
DE_A20_LOAN_00316,DA_BSAPR_03,Scenario2_common+da_specific,FR/IT/ES without refactoring,2023-12
DE_A20_LOAN_00317,DA_BSAPR_02,Scenario2_common+da_specific,FR/IT/ES without refactoring,2023-12
DE_A20_LOAN_00318,DA_BSAPR_02,Scenario2_common+da_specific,FR/IT/ES without refactoring,2023-12
DE_A20_LOAN_00319,DA_BSAPR_03,Scenario2_common+da_specific,FR/IT/ES without refactoring,2023-12
DE_A20_LOAN_00320,DA_BSAPR_03,Scenario2_common+da_specific,FR/IT/ES without refactoring,2023-12
DE_A20_LOAN_00321,DA_BSAPR_01,Scenario2_common+da_specific,FR/IT/ES without refactoring,2023-12
DE_A20_LOAN_00322,DA_BSAPR_01,Scenario2_common+da_specific,FR/IT/ES without refactoring,2023-12
DE_A20_LOAN_00323,DA_BSAPR_02,Scenario2_common+da_specific,FR/IT/ES without refactoring,2023-12
DE_A20_LOAN_00324,DA_BSAPR_03,Scenario2_common+da_specific,FR/IT/ES without refactoring,2023-12
DE_A20_LOAN_00325,DA_BSAPR_03,Scenario2_common+da_specific,FR/IT/ES without refactoring,2023-12
DE_A20_LOAN_00326,DA_BSAPR_03,Scenario2_common+da_specific,FR/IT/ES without refactoring,2023-12
DE_A20_LOAN_00327,DA_BSAPR_02,Scenario2_common+da_specific,FR/IT/ES without refactoring,2023-12
DE_A20_LOAN_00328,DA_BSAPR_03,Scenario2_common+da_specific,FR/IT/ES without refactoring,2023-12
DE_A20_LOAN_00329,DA_BSAPR_03,Scenario2_common+da_specific,FR/IT/ES without refactoring,2023-12
DE_A20_LOAN_00330,DA_BSAPR_02,Scenario2_common+da_specific,FR/IT/ES without refactoring,2023-12
DE_A20_LOAN_00331,DA_BSAPR_01,Scenario2_common+da_specific,FR/IT/ES without refactoring,2023-12
DE_A20_LOAN_00332,DA_BSAPR_01,Scenario2_common+da_specific,FR/IT/ES without refactoring,2023-12
DE_A20_LOAN_00333,DA_BSAPR_02,Scenario2_common+da_specific,FR/IT/ES without refactoring,2023-12
DE_A20_LOAN_00334,DA_BSAPR_03,Scenario2_common+da_specific,FR/IT/ES without refactoring,2023-12
DE_A20_LOAN_00335,DA_BSAPR_02,Scenario2_common+da_specific,FR/IT/ES without refactoring,2023-12
DE_A20_LOAN_00336,DA_BSAPR_01,Scenario2_common+da_specific,FR/IT/ES without refactoring,2023-12
DE_A20_LOAN_00337,DA_BSAPR_01,Scenario2_common+da_specific,FR/IT/ES without refactoring,2023-12
DE_A20_LOAN_00338,DA_BSAPR_02,Scenario2_common+da_specific,FR/IT/ES without refactoring,2023-12
DE_A20_LOAN_00339,DA_BSAPR_02,Scenario2_common+da_specific,FR/IT/ES without refactoring,2023-12
DE_A20_LOAN_00340,DA_BSAPR_01,Scenario2_common+da_specific,FR/IT/ES without refactoring,2023-12
DE_A20_LOAN_00341,DA_BSAPR_02,Scenario2_common+da_specific,FR/IT/ES without refactoring,2023-12
DE_A20_LOAN_00342,DA_BSAPR_01,Scenario2_common+da_specific,FR/IT/ES without refactoring,2023-12
DE_A20_LOAN_00343,DA_BSAPR_02,Scenario2_common+da_specific,FR/IT/ES without refactoring,2023-12
DE_A20_LOAN_00344,DA_BSAPR_02,Scenario2_common+da_specific,FR/IT/ES without refactoring,2023-12
DE_A20_LOAN_00345,DA_BSAPR_02,Scenario2_common+da_specific,FR/IT/ES without refactoring,2023-12
DE_A20_LOAN_00346,DA_BSAPR_01,Scenario2_common+da_specific,FR/IT/ES without refactoring,2023-12
DE_A20_LOAN_00347,DA_BSAPR_02,Scenario2_common+da_specific,FR/IT/ES without refactoring,2023-12
DE_A20_LOAN_00348,DA_BSAPR_01,Scenario2_common+da_specific,FR/IT/ES without refactoring,2023-12
DE_A20_LOAN_00349,DA_BSAPR_01,Scenario2_common+da_specific,FR/IT/ES without refactoring,2023-12
DE_A20_LOAN_00350,DA_BSAPR_02,Scenario2_common+da_specific,FR/IT/ES without refactoring,2023-12
DE_A20_LOAN_00351,DA_BSAPR_02,Scenario2_common+da_specific,FR/IT/ES without refactoring,2023-12
DE_A20_LOAN_00352,DA_BSAPR_01,Scenario2_common+da_specific,FR/IT/ES without refactoring,2023-12
DE_A20_LOAN_00353,DA_BSAPR_01,Scenario2_common+da_specific,FR/IT/ES without refactoring,2023-12
DE_A20_LOAN_00354,DA_BSAPR_03,Scenario2_common+da_specific,FR/IT/ES without refactoring,2023-12
DE_A20_LOAN_00355,DA_BSAPR_01,Scenario2_common+da_specific,FR/IT/ES without refactoring,2023-12
DE_A20_LOAN_00356,DA_BSAPR_03,Scenario2_common+da_specific,FR/IT/ES without refactoring,2023-12
DE_A20_LOAN_00357,DA_BSAPR_03,Scenario2_common+da_specific,FR/IT/ES without refactoring,2023-12
DE_A20_LOAN_00358,DA_BSAPR_03,Scenario2_common+da_specific,FR/IT/ES without refactoring,2023-12
DE_A20_LOAN_00359,DA_BSAPR_02,Scenario2_common+da_specific,FR/IT/ES without refactoring,2023-12
DE_A20_LOAN_00360,DA_BSAPR_02,Scenario2_common+da_specific,FR/IT/ES without refactoring,2023-12
DE_A20_LOAN_00361,DA_BSAPR_01,Scenario2_common+da_specific,FR/IT/ES without refactoring,2023-12
DE_A20_LOAN_00362,DA_BSAPR_03,Scenario2_common+da_specific,FR/IT/ES without refactoring,2023-12
DE_A20_LOAN_00363,DA_BSAPR_02,Scenario2_common+da_specific,FR/IT/ES without refactoring,2023-12
DE_A20_LOAN_00364,DA_BSAPR_02,Scenario2_common+da_specific,FR/IT/ES without refactoring,2023-12
DE_A20_LOAN_00365,DA_BSAPR_02,Scenario2_common+da_specific,FR/IT/ES without refactoring,2023-12
DE_A20_LOAN_00366,DA_BSAPR_02,Scenario2_common+da_specific,FR/IT/ES without refactoring,2023-12
DE_A20_LOAN_00367,DA_BSAPR_02,Scenario2_common+da_specific,FR/IT/ES without refactoring,2023-12
DE_A20_LOAN_00368,DA_BSAPR_03,Scenario2_common+da_specific,FR/IT/ES without refactoring,2023-12
DE_A20_LOAN_00369,DA_BSAPR_03,Scenario2_common+da_specific,FR/IT/ES without refactoring,2023-12
DE_A20_LOAN_00370,DA_BSAPR_03,Scenario2_common+da_specific,FR/IT/ES without refactoring,2023-12
DE_A20_LOAN_00371,DA_BSAPR_03,Scenario2_common+da_specific,FR/IT/ES without refactoring,2023-12
DE_A20_LOAN_00372,DA_BSAPR_01,Scenario2_common+da_specific,FR/IT/ES without refactoring,2023-12
DE_A20_LOAN_00373,DA_BSAPR_03,Scenario2_common+da_specific,FR/IT/ES without refactoring,2023-12
DE_A20_LOAN_00374,DA_BSAPR_02,Scenario2_common+da_specific,FR/IT/ES without refactoring,2023-12
DE_A20_LOAN_00375,DA_BSAPR_03,Scenario2_common+da_specific,FR/IT/ES without refactoring,2023-12
DE_A20_LOAN_00376,DA_BSAPR_01,Scenario2_common+da_specific,FR/IT/ES without refactoring,2023-12
DE_A20_LOAN_00377,DA_BSAPR_02,Scenario2_common+da_specific,FR/IT/ES without refactoring,2023-12
DE_A20_LOAN_00378,DA_BSAPR_03,Scenario2_common+da_specific,FR/IT/ES without refactoring,2023-12
DE_A20_LOAN_00379,DA_BSAPR_03,Scenario2_common+da_specific,FR/IT/ES without refactoring,2023-12
DE_A20_LOAN_00380,DA_BSAPR_03,Scenario2_common+da_specific,FR/IT/ES without refactoring,2023-12
DE_A20_LOAN_00381,DA_BSAPR_02,Scenario2_common+da_specific,FR/IT/ES without refactoring,2023-12
DE_A20_LOAN_00382,DA_BSAPR_02,Scenario2_common+da_specific,FR/IT/ES without refactoring,2023-12
DE_A20_LOAN_00383,DA_BSAPR_01,Scenario2_common+da_specific,FR/IT/ES without refactoring,2023-12
DE_A20_LOAN_00384,DA_BSAPR_02,Scenario2_common+da_specific,FR/IT/ES without refactoring,2023-12
DE_A20_LOAN_00385,DA_BSAPR_02,Scenario2_common+da_specific,FR/IT/ES without refactoring,2023-12
DE_A20_LOAN_00386,DA_BSAPR_03,Scenario2_common+da_specific,FR/IT/ES without refactoring,2023-12
DE_A20_LOAN_00387,DA_BSAPR_02,Scenario2_common+da_specific,FR/IT/ES without refactoring,2023-12
DE_A20_LOAN_00388,DA_BSAPR_03,Scenario2_common+da_specific,FR/IT/ES without refactoring,2023-12
DE_A20_LOAN_00389,DA_BSAPR_03,Scenario2_common+da_specific,FR/IT/ES without refactoring,2023-12
DE_A20_LOAN_00390,DA_BSAPR_02,Scenario2_common+da_specific,FR/IT/ES without refactoring,2023-12
DE_A20_LOAN_00391,DA_BSAPR_01,Scenario2_common+da_specific,FR/IT/ES without refactoring,2023-12
DE_A20_LOAN_00392,DA_BSAPR_01,Scenario2_common+da_specific,FR/IT/ES without refactoring,2023-12
DE_A20_LOAN_00393,DA_BSAPR_02,Scenario2_common+da_specific,FR/IT/ES without refactoring,2023-12
DE_A20_LOAN_00394,DA_BSAPR_01,Scenario2_common+da_specific,FR/IT/ES without refactoring,2023-12
DE_A20_LOAN_00395,DA_BSAPR_03,Scenario2_common+da_specific,FR/IT/ES without refactoring,2023-12
DE_A20_LOAN_00396,DA_BSAPR_03,Scenario2_common+da_specific,FR/IT/ES without refactoring,2023-12
DE_A20_LOAN_00397,DA_BSAPR_02,Scenario2_common+da_specific,FR/IT/ES without refactoring,2023-12
DE_A20_LOAN_00398,DA_BSAPR_01,Scenario2_common+da_specific,FR/IT/ES without refactoring,2023-12
DE_A20_LOAN_00399,DA_BSAPR_01,Scenario2_common+da_specific,FR/IT/ES without refactoring,2023-12
DE_A20_LOAN_00400,DA_BSAPR_03,Scenario2_common+da_specific,FR/IT/ES without refactoring,2023-12
DE_A20_LOAN_00401,DA_BSAPR_02,Scenario2_common+da_specific,FR/IT/ES without refactoring,2023-12
DE_A20_LOAN_00402,DA_BSAPR_01,Scenario2_common+da_specific,FR/IT/ES without refactoring,2023-12
DE_A20_LOAN_00403,DA_BSAPR_02,Scenario2_common+da_specific,FR/IT/ES without refactoring,2023-12
DE_A20_LOAN_00404,DA_BSAPR_01,Scenario2_common+da_specific,FR/IT/ES without refactoring,2023-12
DE_A20_LOAN_00405,DA_BSAPR_03,Scenario2_common+da_specific,FR/IT/ES without refactoring,2023-12
DE_A20_LOAN_00406,DA_BSAPR_03,Scenario2_common+da_specific,FR/IT/ES without refactoring,2023-12
DE_A20_LOAN_00407,DA_BSAPR_02,Scenario2_common+da_specific,FR/IT/ES without refactoring,2023-12
DE_A20_LOAN_00408,DA_BSAPR_03,Scenario2_common+da_specific,FR/IT/ES without refactoring,2023-12
DE_A20_LOAN_00409,DA_BSAPR_01,Scenario2_common+da_specific,FR/IT/ES without refactoring,2023-12
DE_A20_LOAN_00410,DA_BSAPR_03,Scenario2_common+da_specific,FR/IT/ES without refactoring,2023-12
DE_A20_LOAN_00411,DA_BSAPR_02,Scenario2_common+da_specific,FR/IT/ES without refactoring,2023-12
DE_A20_LOAN_00412,DA_BSAPR_02,Scenario2_common+da_specific,FR/IT/ES without refactoring,2023-12
DE_A20_LOAN_00413,DA_BSAPR_02,Scenario2_common+da_specific,FR/IT/ES without refactoring,2023-12
DE_A20_LOAN_00414,DA_BSAPR_01,Scenario2_common+da_specific,FR/IT/ES without refactoring,2023-12
DE_A20_LOAN_00415,DA_BSAPR_01,Scenario2_common+da_specific,FR/IT/ES without refactoring,2023-12
DE_A20_LOAN_00416,DA_BSAPR_01,Scenario2_common+da_specific,FR/IT/ES without refactoring,2023-12
DE_A20_LOAN_00417,DA_BSAPR_01,Scenario2_common+da_specific,FR/IT/ES without refactoring,2023-12
DE_A20_LOAN_00418,DA_BSAPR_01,Scenario2_common+da_specific,FR/IT/ES without refactoring,2023-12
DE_A20_LOAN_00419,DA_BSAPR_03,Scenario2_common+da_specific,FR/IT/ES without refactoring,2023-12
DE_A20_LOAN_00420,DA_BSAPR_01,Scenario2_common+da_specific,FR/IT/ES without refactoring,2023-12
DE_A20_LOAN_00421,DA_BSAPR_01,Scenario2_common+da_specific,FR/IT/ES without refactoring,2023-12
DE_A20_LOAN_00422,DA_BSAPR_03,Scenario2_common+da_specific,FR/IT/ES without refactoring,2023-12
DE_A20_LOAN_00423,DA_BSAPR_01,Scenario2_common+da_specific,FR/IT/ES without refactoring,2023-12
DE_A20_LOAN_00424,DA_BSAPR_02,Scenario2_common+da_specific,FR/IT/ES without refactoring,2023-12
DE_A20_LOAN_00425,DA_BSAPR_01,Scenario2_common+da_specific,FR/IT/ES without refactoring,2023-12
DE_A20_LOAN_00426,DA_BSAPR_01,Scenario2_common+da_specific,FR/IT/ES without refactoring,2023-12
DE_A20_LOAN_00427,DA_BSAPR_02,Scenario2_common+da_specific,FR/IT/ES without refactoring,2023-12
DE_A20_LOAN_00428,DA_BSAPR_02,Scenario2_common+da_specific,FR/IT/ES without refactoring,2023-12
DE_A20_LOAN_00429,DA_BSAPR_02,Scenario2_common+da_specific,FR/IT/ES without refactoring,2023-12
DE_A20_LOAN_00430,DA_BSAPR_02,Scenario2_common+da_specific,FR/IT/ES without refactoring,2023-12
DE_A20_LOAN_00431,DA_BSAPR_01,Scenario2_common+da_specific,FR/IT/ES without refactoring,2023-12
DE_A20_LOAN_00432,DA_BSAPR_02,Scenario2_common+da_specific,FR/IT/ES without refactoring,2023-12
DE_A20_LOAN_00433,DA_BSAPR_02,Scenario2_common+da_specific,FR/IT/ES without refactoring,2023-12
DE_A20_LOAN_00434,DA_BSAPR_03,Scenario2_common+da_specific,FR/IT/ES without refactoring,2023-12
DE_A20_LOAN_00435,DA_BSAPR_02,Scenario2_common+da_specific,FR/IT/ES without refactoring,2023-12
DE_A20_LOAN_00436,DA_BSAPR_02,Scenario2_common+da_specific,FR/IT/ES without refactoring,2023-12
DE_A20_LOAN_00437,DA_BSAPR_03,Scenario2_common+da_specific,FR/IT/ES without refactoring,2023-12
DE_A20_LOAN_00438,DA_BSAPR_03,Scenario2_common+da_specific,FR/IT/ES without refactoring,2023-12
DE_A20_LOAN_00439,DA_BSAPR_01,Scenario2_common+da_specific,FR/IT/ES without refactoring,2023-12
DE_A20_LOAN_00440,DA_BSAPR_03,Scenario2_common+da_specific,FR/IT/ES without refactoring,2023-12
DE_A20_LOAN_00441,DA_BSAPR_01,Scenario2_common+da_specific,FR/IT/ES without refactoring,2023-12
DE_A20_LOAN_00442,DA_BSAPR_03,Scenario2_common+da_specific,FR/IT/ES without refactoring,2023-12
DE_A20_LOAN_00443,DA_BSAPR_03,Scenario2_common+da_specific,FR/IT/ES without refactoring,2023-12
DE_A20_LOAN_00444,DA_BSAPR_01,Scenario2_common+da_specific,FR/IT/ES without refactoring,2023-12
DE_A20_LOAN_00445,DA_BSAPR_03,Scenario2_common+da_specific,FR/IT/ES without refactoring,2023-12
DE_A20_LOAN_00446,DA_BSAPR_01,Scenario2_common+da_specific,FR/IT/ES without refactoring,2023-12
DE_A20_LOAN_00447,DA_BSAPR_03,Scenario2_common+da_specific,FR/IT/ES without refactoring,2023-12
DE_A20_LOAN_00448,DA_BSAPR_02,Scenario2_common+da_specific,FR/IT/ES without refactoring,2023-12
DE_A20_LOAN_00449,DA_BSAPR_03,Scenario2_common+da_specific,FR/IT/ES without refactoring,2023-12
DE_A20_LOAN_00450,DA_BSAPR_01,Scenario2_common+da_specific,FR/IT/ES without refactoring,2023-12
DE_A20_LOAN_00451,DA_BSAPR_03,Scenario2_common+da_specific,FR/IT/ES without refactoring,2023-12
DE_A20_LOAN_00452,DA_BSAPR_01,Scenario2_common+da_specific,FR/IT/ES without refactoring,2023-12
DE_A20_LOAN_00453,DA_BSAPR_01,Scenario2_common+da_specific,FR/IT/ES without refactoring,2023-12
DE_A20_LOAN_00454,DA_BSAPR_02,Scenario2_common+da_specific,FR/IT/ES without refactoring,2023-12
DE_A20_LOAN_00455,DA_BSAPR_02,Scenario2_common+da_specific,FR/IT/ES without refactoring,2023-12
DE_A20_LOAN_00456,DA_BSAPR_01,Scenario2_common+da_specific,FR/IT/ES without refactoring,2023-12
DE_A20_LOAN_00457,DA_BSAPR_03,Scenario2_common+da_specific,FR/IT/ES without refactoring,2023-12
DE_A20_LOAN_00458,DA_BSAPR_01,Scenario2_common+da_specific,FR/IT/ES without refactoring,2023-12
DE_A20_LOAN_00459,DA_BSAPR_01,Scenario2_common+da_specific,FR/IT/ES without refactoring,2023-12
DE_A20_LOAN_00460,DA_BSAPR_03,Scenario2_common+da_specific,FR/IT/ES without refactoring,2023-12
DE_A20_LOAN_00461,DA_BSAPR_03,Scenario2_common+da_specific,FR/IT/ES without refactoring,2023-12
DE_A20_LOAN_00462,DA_BSAPR_03,Scenario2_common+da_specific,FR/IT/ES without refactoring,2023-12
DE_A20_LOAN_00463,DA_BSAPR_03,Scenario2_common+da_specific,FR/IT/ES without refactoring,2023-12
DE_A20_LOAN_00464,DA_BSAPR_01,Scenario2_common+da_specific,FR/IT/ES without refactoring,2023-12
DE_A20_LOAN_00465,DA_BSAPR_01,Scenario2_common+da_specific,FR/IT/ES without refactoring,2023-12
DE_A20_LOAN_00466,DA_BSAPR_02,Scenario2_common+da_specific,FR/IT/ES without refactoring,2023-12
DE_A20_LOAN_00467,DA_BSAPR_01,Scenario2_common+da_specific,FR/IT/ES without refactoring,2023-12
DE_A20_LOAN_00468,DA_BSAPR_03,Scenario2_common+da_specific,FR/IT/ES without refactoring,2023-12
DE_A20_LOAN_00469,DA_BSAPR_02,Scenario2_common+da_specific,FR/IT/ES without refactoring,2023-12
DE_A20_LOAN_00470,DA_BSAPR_03,Scenario2_common+da_specific,FR/IT/ES without refactoring,2023-12
DE_A20_LOAN_00471,DA_BSAPR_01,Scenario2_common+da_specific,FR/IT/ES without refactoring,2023-12
DE_A20_LOAN_00472,DA_BSAPR_02,Scenario2_common+da_specific,FR/IT/ES without refactoring,2023-12
DE_A20_LOAN_00473,DA_BSAPR_03,Scenario2_common+da_specific,FR/IT/ES without refactoring,2023-12
DE_A20_LOAN_00474,DA_BSAPR_02,Scenario2_common+da_specific,FR/IT/ES without refactoring,2023-12
DE_A20_LOAN_00475,DA_BSAPR_02,Scenario2_common+da_specific,FR/IT/ES without refactoring,2023-12
DE_A20_LOAN_00476,DA_BSAPR_01,Scenario2_common+da_specific,FR/IT/ES without refactoring,2023-12
DE_A20_LOAN_00477,DA_BSAPR_03,Scenario2_common+da_specific,FR/IT/ES without refactoring,2023-12
DE_A20_LOAN_00478,DA_BSAPR_02,Scenario2_common+da_specific,FR/IT/ES without refactoring,2023-12
DE_A20_LOAN_00479,DA_BSAPR_02,Scenario2_common+da_specific,FR/IT/ES without refactoring,2023-12
DE_A20_LOAN_00480,DA_BSAPR_03,Scenario2_common+da_specific,FR/IT/ES without refactoring,2023-12
DE_A20_LOAN_00481,DA_BSAPR_02,Scenario2_common+da_specific,FR/IT/ES without refactoring,2023-12
DE_A20_LOAN_00482,DA_BSAPR_02,Scenario2_common+da_specific,FR/IT/ES without refactoring,2023-12
DE_A20_LOAN_00483,DA_BSAPR_02,Scenario2_common+da_specific,FR/IT/ES without refactoring,2023-12
DE_A20_LOAN_00484,DA_BSAPR_03,Scenario2_common+da_specific,FR/IT/ES without refactoring,2023-12
DE_A20_LOAN_00485,DA_BSAPR_03,Scenario2_common+da_specific,FR/IT/ES without refactoring,2023-12
DE_A20_LOAN_00486,DA_BSAPR_03,Scenario2_common+da_specific,FR/IT/ES without refactoring,2023-12
DE_A20_LOAN_00487,DA_BSAPR_03,Scenario2_common+da_specific,FR/IT/ES without refactoring,2023-12
DE_A20_LOAN_00488,DA_BSAPR_01,Scenario2_common+da_specific,FR/IT/ES without refactoring,2023-12
DE_A20_LOAN_00489,DA_BSAPR_02,Scenario2_common+da_specific,FR/IT/ES without refactoring,2023-12
DE_A20_LOAN_00490,DA_BSAPR_03,Scenario2_common+da_specific,FR/IT/ES without refactoring,2023-12
DE_A20_LOAN_00491,DA_BSAPR_02,Scenario2_common+da_specific,FR/IT/ES without refactoring,2023-12
DE_A20_LOAN_00492,DA_BSAPR_02,Scenario2_common+da_specific,FR/IT/ES without refactoring,2023-12
DE_A20_LOAN_00493,DA_BSAPR_01,Scenario2_common+da_specific,FR/IT/ES without refactoring,2023-12
DE_A20_LOAN_00494,DA_BSAPR_03,Scenario2_common+da_specific,FR/IT/ES without refactoring,2023-12
DE_A20_LOAN_00495,DA_BSAPR_03,Scenario2_common+da_specific,FR/IT/ES without refactoring,2023-12
DE_A20_LOAN_00496,DA_BSAPR_02,Scenario2_common+da_specific,FR/IT/ES without refactoring,2023-12
DE_A20_LOAN_00497,DA_BSAPR_03,Scenario2_common+da_specific,FR/IT/ES without refactoring,2023-12
DE_A20_LOAN_00498,DA_BSAPR_02,Scenario2_common+da_specific,FR/IT/ES without refactoring,2023-12
DE_A20_LOAN_00499,DA_BSAPR_02,Scenario2_common+da_specific,FR/IT/ES without refactoring,2023-12
DE_A20_LOAN_00500,DA_BSAPR_01,Scenario2_common+da_specific,FR/IT/ES without refactoring,2023-12
DE_A20_LOAN_00501,DA_BSAPR_01,Scenario2_common+da_specific,FR/IT/ES without refactoring,2023-12
DE_A20_LOAN_00502,DA_BSAPR_01,Scenario2_common+da_specific,FR/IT/ES without refactoring,2023-12
DE_A20_LOAN_00503,DA_BSAPR_02,Scenario2_common+da_specific,FR/IT/ES without refactoring,2023-12
DE_A20_LOAN_00504,DA_BSAPR_03,Scenario2_common+da_specific,FR/IT/ES without refactoring,2023-12
DE_A20_LOAN_00505,DA_BSAPR_01,Scenario2_common+da_specific,FR/IT/ES without refactoring,2023-12
DE_A20_LOAN_00506,DA_BSAPR_03,Scenario2_common+da_specific,FR/IT/ES without refactoring,2023-12
DE_A20_LOAN_00507,DA_BSAPR_01,Scenario2_common+da_specific,FR/IT/ES without refactoring,2023-12
DE_A20_LOAN_00508,DA_BSAPR_01,Scenario2_common+da_specific,FR/IT/ES without refactoring,2023-12
DE_A20_LOAN_00509,DA_BSAPR_02,Scenario2_common+da_specific,FR/IT/ES without refactoring,2023-12
DE_A20_LOAN_00510,DA_BSAPR_01,Scenario2_common+da_specific,FR/IT/ES without refactoring,2023-12
DE_A20_LOAN_00511,DA_BSAPR_01,Scenario2_common+da_specific,FR/IT/ES without refactoring,2023-12
DE_A20_LOAN_00512,DA_BSAPR_02,Scenario2_common+da_specific,FR/IT/ES without refactoring,2023-12
DE_A20_LOAN_00513,DA_BSAPR_03,Scenario2_common+da_specific,FR/IT/ES without refactoring,2023-12
DE_A20_LOAN_00514,DA_BSAPR_01,Scenario2_common+da_specific,FR/IT/ES without refactoring,2023-12
DE_A20_LOAN_00515,DA_BSAPR_02,Scenario2_common+da_specific,FR/IT/ES without refactoring,2023-12
DE_A20_LOAN_00516,DA_BSAPR_01,Scenario2_common+da_specific,FR/IT/ES without refactoring,2023-12
DE_A20_LOAN_00517,DA_BSAPR_02,Scenario2_common+da_specific,FR/IT/ES without refactoring,2023-12
DE_A20_LOAN_00518,DA_BSAPR_03,Scenario2_common+da_specific,FR/IT/ES without refactoring,2023-12
DE_A20_LOAN_00519,DA_BSAPR_03,Scenario2_common+da_specific,FR/IT/ES without refactoring,2023-12
DE_A20_LOAN_00520,DA_BSAPR_02,Scenario2_common+da_specific,FR/IT/ES without refactoring,2023-12
DE_A20_LOAN_00521,DA_BSAPR_02,Scenario2_common+da_specific,FR/IT/ES without refactoring,2023-12
DE_A20_LOAN_00522,DA_BSAPR_02,Scenario2_common+da_specific,FR/IT/ES without refactoring,2023-12
DE_A20_LOAN_00523,DA_BSAPR_03,Scenario2_common+da_specific,FR/IT/ES without refactoring,2023-12
DE_A20_LOAN_00524,DA_BSAPR_01,Scenario2_common+da_specific,FR/IT/ES without refactoring,2023-12
DE_A20_LOAN_00525,DA_BSAPR_03,Scenario2_common+da_specific,FR/IT/ES without refactoring,2023-12
DE_A20_LOAN_00526,DA_BSAPR_02,Scenario2_common+da_specific,FR/IT/ES without refactoring,2023-12
DE_A20_LOAN_00527,DA_BSAPR_02,Scenario2_common+da_specific,FR/IT/ES without refactoring,2023-12
DE_A20_LOAN_00528,DA_BSAPR_03,Scenario2_common+da_specific,FR/IT/ES without refactoring,2023-12
DE_A20_LOAN_00529,DA_BSAPR_02,Scenario2_common+da_specific,FR/IT/ES without refactoring,2023-12
DE_A20_LOAN_00530,DA_BSAPR_03,Scenario2_common+da_specific,FR/IT/ES without refactoring,2023-12
DE_A20_LOAN_00531,DA_BSAPR_02,Scenario2_common+da_specific,FR/IT/ES without refactoring,2023-12
DE_A20_LOAN_00532,DA_BSAPR_01,Scenario2_common+da_specific,FR/IT/ES without refactoring,2023-12
DE_A20_LOAN_00533,DA_BSAPR_01,Scenario2_common+da_specific,FR/IT/ES without refactoring,2023-12
DE_A20_LOAN_00534,DA_BSAPR_02,Scenario2_common+da_specific,FR/IT/ES without refactoring,2023-12
DE_A20_LOAN_00535,DA_BSAPR_03,Scenario2_common+da_specific,FR/IT/ES without refactoring,2023-12
DE_A20_LOAN_00536,DA_BSAPR_01,Scenario2_common+da_specific,FR/IT/ES without refactoring,2023-12
DE_A20_LOAN_00537,DA_BSAPR_03,Scenario2_common+da_specific,FR/IT/ES without refactoring,2023-12
DE_A20_LOAN_00538,DA_BSAPR_02,Scenario2_common+da_specific,FR/IT/ES without refactoring,2023-12
DE_A20_LOAN_00539,DA_BSAPR_03,Scenario2_common+da_specific,FR/IT/ES without refactoring,2023-12
DE_A20_LOAN_00540,DA_BSAPR_01,Scenario2_common+da_specific,FR/IT/ES without refactoring,2023-12
DE_A20_LOAN_00541,DA_BSAPR_03,Scenario2_common+da_specific,FR/IT/ES without refactoring,2023-12
DE_A20_LOAN_00542,DA_BSAPR_03,Scenario2_common+da_specific,FR/IT/ES without refactoring,2023-12
DE_A20_LOAN_00543,DA_BSAPR_02,Scenario2_common+da_specific,FR/IT/ES without refactoring,2023-12
DE_A20_LOAN_00544,DA_BSAPR_02,Scenario2_common+da_specific,FR/IT/ES without refactoring,2023-12
DE_A20_LOAN_00545,DA_BSAPR_02,Scenario2_common+da_specific,FR/IT/ES without refactoring,2023-12
DE_A20_LOAN_00546,DA_BSAPR_01,Scenario2_common+da_specific,FR/IT/ES without refactoring,2023-12
DE_A20_LOAN_00547,DA_BSAPR_01,Scenario2_common+da_specific,FR/IT/ES without refactoring,2023-12
DE_A20_LOAN_00548,DA_BSAPR_02,Scenario2_common+da_specific,FR/IT/ES without refactoring,2023-12
DE_A20_LOAN_00549,DA_BSAPR_02,Scenario2_common+da_specific,FR/IT/ES without refactoring,2023-12
DE_A20_LOAN_00550,DA_BSAPR_01,Scenario2_common+da_specific,FR/IT/ES without refactoring,2023-12
DE_A20_LOAN_00551,DA_BSAPR_01,Scenario2_common+da_specific,FR/IT/ES without refactoring,2023-12
DE_A20_LOAN_00552,DA_BSAPR_01,Scenario2_common+da_specific,FR/IT/ES without refactoring,2023-12
DE_A20_LOAN_00553,DA_BSAPR_01,Scenario2_common+da_specific,FR/IT/ES without refactoring,2023-12
DE_A20_LOAN_00554,DA_BSAPR_02,Scenario2_common+da_specific,FR/IT/ES without refactoring,2023-12
DE_A20_LOAN_00555,DA_BSAPR_01,Scenario2_common+da_specific,FR/IT/ES without refactoring,2023-12
DE_A20_LOAN_00556,DA_BSAPR_02,Scenario2_common+da_specific,FR/IT/ES without refactoring,2023-12
DE_A20_LOAN_00557,DA_BSAPR_03,Scenario2_common+da_specific,FR/IT/ES without refactoring,2023-12
DE_A20_LOAN_00558,DA_BSAPR_03,Scenario2_common+da_specific,FR/IT/ES without refactoring,2023-12
DE_A20_LOAN_00559,DA_BSAPR_01,Scenario2_common+da_specific,FR/IT/ES without refactoring,2023-12
DE_A20_LOAN_00560,DA_BSAPR_03,Scenario2_common+da_specific,FR/IT/ES without refactoring,2023-12
DE_A20_LOAN_00561,DA_BSAPR_03,Scenario2_common+da_specific,FR/IT/ES without refactoring,2023-12
DE_A20_LOAN_00562,DA_BSAPR_03,Scenario2_common+da_specific,FR/IT/ES without refactoring,2023-12
DE_A20_LOAN_00563,DA_BSAPR_01,Scenario2_common+da_specific,FR/IT/ES without refactoring,2023-12
DE_A20_LOAN_00564,DA_BSAPR_01,Scenario2_common+da_specific,FR/IT/ES without refactoring,2023-12
DE_A20_LOAN_00565,DA_BSAPR_03,Scenario2_common+da_specific,FR/IT/ES without refactoring,2023-12
DE_A20_LOAN_00566,DA_BSAPR_02,Scenario2_common+da_specific,FR/IT/ES without refactoring,2023-12
DE_A20_LOAN_00567,DA_BSAPR_03,Scenario2_common+da_specific,FR/IT/ES without refactoring,2023-12
DE_A20_LOAN_00568,DA_BSAPR_01,Scenario2_common+da_specific,FR/IT/ES without refactoring,2023-12
DE_A20_LOAN_00569,DA_BSAPR_01,Scenario2_common+da_specific,FR/IT/ES without refactoring,2023-12
DE_A20_LOAN_00570,DA_BSAPR_01,Scenario2_common+da_specific,FR/IT/ES without refactoring,2023-12
DE_A20_LOAN_00571,DA_BSAPR_03,Scenario2_common+da_specific,FR/IT/ES without refactoring,2023-12
DE_A20_LOAN_00572,DA_BSAPR_02,Scenario2_common+da_specific,FR/IT/ES without refactoring,2023-12
DE_A20_LOAN_00573,DA_BSAPR_01,Scenario2_common+da_specific,FR/IT/ES without refactoring,2023-12
DE_A20_LOAN_00574,DA_BSAPR_01,Scenario2_common+da_specific,FR/IT/ES without refactoring,2023-12
DE_A20_LOAN_00575,DA_BSAPR_03,Scenario2_common+da_specific,FR/IT/ES without refactoring,2023-12
DE_A20_LOAN_00576,DA_BSAPR_02,Scenario2_common+da_specific,FR/IT/ES without refactoring,2023-12
DE_A20_LOAN_00577,DA_BSAPR_03,Scenario2_common+da_specific,FR/IT/ES without refactoring,2023-12
DE_A20_LOAN_00578,DA_BSAPR_01,Scenario2_common+da_specific,FR/IT/ES without refactoring,2023-12
DE_A20_LOAN_00579,DA_BSAPR_02,Scenario2_common+da_specific,FR/IT/ES without refactoring,2023-12
DE_A20_LOAN_00580,DA_BSAPR_02,Scenario2_common+da_specific,FR/IT/ES without refactoring,2023-12
DE_A20_LOAN_00581,DA_BSAPR_01,Scenario2_common+da_specific,FR/IT/ES without refactoring,2023-12
DE_A20_LOAN_00582,DA_BSAPR_02,Scenario2_common+da_specific,FR/IT/ES without refactoring,2023-12
DE_A20_LOAN_00583,DA_BSAPR_02,Scenario2_common+da_specific,FR/IT/ES without refactoring,2023-12
DE_A20_LOAN_00584,DA_BSAPR_03,Scenario2_common+da_specific,FR/IT/ES without refactoring,2023-12
DE_A20_LOAN_00585,DA_BSAPR_01,Scenario2_common+da_specific,FR/IT/ES without refactoring,2023-12
DE_A20_LOAN_00586,DA_BSAPR_01,Scenario2_common+da_specific,FR/IT/ES without refactoring,2023-12
DE_A20_LOAN_00587,DA_BSAPR_01,Scenario2_common+da_specific,FR/IT/ES without refactoring,2023-12
DE_A20_LOAN_00588,DA_BSAPR_01,Scenario2_common+da_specific,FR/IT/ES without refactoring,2023-12
DE_A20_LOAN_00589,DA_BSAPR_01,Scenario2_common+da_specific,FR/IT/ES without refactoring,2023-12
DE_A20_LOAN_00590,DA_BSAPR_02,Scenario2_common+da_specific,FR/IT/ES without refactoring,2023-12
DE_A20_LOAN_00591,DA_BSAPR_03,Scenario2_common+da_specific,FR/IT/ES without refactoring,2023-12
DE_A20_LOAN_00592,DA_BSAPR_01,Scenario2_common+da_specific,FR/IT/ES without refactoring,2023-12
DE_A20_LOAN_00593,DA_BSAPR_03,Scenario2_common+da_specific,FR/IT/ES without refactoring,2023-12
DE_A20_LOAN_00594,DA_BSAPR_03,Scenario2_common+da_specific,FR/IT/ES without refactoring,2023-12
DE_A20_LOAN_00595,DA_BSAPR_02,Scenario2_common+da_specific,FR/IT/ES without refactoring,2023-12
DE_A20_LOAN_00596,DA_BSAPR_01,Scenario2_common+da_specific,FR/IT/ES without refactoring,2023-12
DE_A20_LOAN_00597,DA_BSAPR_02,Scenario2_common+da_specific,FR/IT/ES without refactoring,2023-12
DE_A20_LOAN_00598,DA_BSAPR_01,Scenario2_common+da_specific,FR/IT/ES without refactoring,2023-12
DE_A20_LOAN_00599,DA_BSAPR_02,Scenario2_common+da_specific,FR/IT/ES without refactoring,2023-12
DE_A20_LOAN_00600,DA_BSAPR_03,Scenario2_common+da_specific,FR/IT/ES without refactoring,2023-12
DE_A20_LOAN_00601,DA_BSAPR_01,Scenario2_common+da_specific,FR/IT/ES without refactoring,2023-12
DE_A20_LOAN_00602,DA_BSAPR_03,Scenario2_common+da_specific,FR/IT/ES without refactoring,2023-12
DE_A20_LOAN_00603,DA_BSAPR_03,Scenario2_common+da_specific,FR/IT/ES without refactoring,2023-12
DE_A20_LOAN_00604,DA_BSAPR_02,Scenario2_common+da_specific,FR/IT/ES without refactoring,2023-12
DE_A20_LOAN_00605,DA_BSAPR_01,Scenario2_common+da_specific,FR/IT/ES without refactoring,2023-12
DE_A20_LOAN_00606,DA_BSAPR_03,Scenario2_common+da_specific,FR/IT/ES without refactoring,2023-12
DE_A20_LOAN_00607,DA_BSAPR_02,Scenario2_common+da_specific,FR/IT/ES without refactoring,2023-12
DE_A20_LOAN_00608,DA_BSAPR_01,Scenario2_common+da_specific,FR/IT/ES without refactoring,2023-12
DE_A20_LOAN_00609,DA_BSAPR_01,Scenario2_common+da_specific,FR/IT/ES without refactoring,2023-12
DE_A20_LOAN_00610,DA_BSAPR_03,Scenario2_common+da_specific,FR/IT/ES without refactoring,2023-12
DE_A20_LOAN_00611,DA_BSAPR_01,Scenario2_common+da_specific,FR/IT/ES without refactoring,2023-12
DE_A20_LOAN_00612,DA_BSAPR_03,Scenario2_common+da_specific,FR/IT/ES without refactoring,2023-12
DE_A20_LOAN_00613,DA_BSAPR_01,Scenario2_common+da_specific,FR/IT/ES without refactoring,2023-12
DE_A20_LOAN_00614,DA_BSAPR_02,Scenario2_common+da_specific,FR/IT/ES without refactoring,2023-12
DE_A20_LOAN_00615,DA_BSAPR_03,Scenario2_common+da_specific,FR/IT/ES without refactoring,2023-12
DE_A20_LOAN_00616,DA_BSAPR_03,Scenario2_common+da_specific,FR/IT/ES without refactoring,2023-12
DE_A20_LOAN_00617,DA_BSAPR_01,Scenario2_common+da_specific,FR/IT/ES without refactoring,2023-12
DE_A20_LOAN_00618,DA_BSAPR_01,Scenario2_common+da_specific,FR/IT/ES without refactoring,2023-12
DE_A20_LOAN_00619,DA_BSAPR_03,Scenario2_common+da_specific,FR/IT/ES without refactoring,2023-12
DE_A20_LOAN_00620,DA_BSAPR_01,Scenario2_common+da_specific,FR/IT/ES without refactoring,2023-12
DE_A20_LOAN_00621,DA_BSAPR_02,Scenario2_common+da_specific,FR/IT/ES without refactoring,2023-12
DE_A20_LOAN_00622,DA_BSAPR_01,Scenario2_common+da_specific,FR/IT/ES without refactoring,2023-12
DE_A20_LOAN_00623,DA_BSAPR_02,Scenario2_common+da_specific,FR/IT/ES without refactoring,2023-12
DE_A20_LOAN_00624,DA_BSAPR_02,Scenario2_common+da_specific,FR/IT/ES without refactoring,2023-12
DE_A20_LOAN_00625,DA_BSAPR_02,Scenario2_common+da_specific,FR/IT/ES without refactoring,2023-12
DE_A20_LOAN_00626,DA_BSAPR_02,Scenario2_common+da_specific,FR/IT/ES without refactoring,2023-12
DE_A20_LOAN_00627,DA_BSAPR_02,Scenario2_common+da_specific,FR/IT/ES without refactoring,2023-12
DE_A20_LOAN_00628,DA_BSAPR_01,Scenario2_common+da_specific,FR/IT/ES without refactoring,2023-12
DE_A20_LOAN_00629,DA_BSAPR_02,Scenario2_common+da_specific,FR/IT/ES without refactoring,2023-12
DE_A20_LOAN_00630,DA_BSAPR_01,Scenario2_common+da_specific,FR/IT/ES without refactoring,2023-12
DE_A20_LOAN_00631,DA_BSAPR_02,Scenario2_common+da_specific,FR/IT/ES without refactoring,2023-12
DE_A20_LOAN_00632,DA_BSAPR_03,Scenario2_common+da_specific,FR/IT/ES without refactoring,2023-12
DE_A20_LOAN_00633,DA_BSAPR_02,Scenario2_common+da_specific,FR/IT/ES without refactoring,2023-12
DE_A20_LOAN_00634,DA_BSAPR_03,Scenario2_common+da_specific,FR/IT/ES without refactoring,2023-12
DE_A20_LOAN_00635,DA_BSAPR_02,Scenario2_common+da_specific,FR/IT/ES without refactoring,2023-12
DE_A20_LOAN_00636,DA_BSAPR_02,Scenario2_common+da_specific,FR/IT/ES without refactoring,2023-12
DE_A20_LOAN_00637,DA_BSAPR_02,Scenario2_common+da_specific,FR/IT/ES without refactoring,2023-12
DE_A20_LOAN_00638,DA_BSAPR_03,Scenario2_common+da_specific,FR/IT/ES without refactoring,2023-12
DE_A20_LOAN_00639,DA_BSAPR_03,Scenario2_common+da_specific,FR/IT/ES without refactoring,2023-12
DE_A20_LOAN_00640,DA_BSAPR_02,Scenario2_common+da_specific,FR/IT/ES without refactoring,2023-12
DE_A20_LOAN_00641,DA_BSAPR_01,Scenario2_common+da_specific,FR/IT/ES without refactoring,2023-12
DE_A20_LOAN_00642,DA_BSAPR_02,Scenario2_common+da_specific,FR/IT/ES without refactoring,2023-12
DE_A20_LOAN_00643,DA_BSAPR_03,Scenario2_common+da_specific,FR/IT/ES without refactoring,2023-12
DE_A20_LOAN_00644,DA_BSAPR_02,Scenario2_common+da_specific,FR/IT/ES without refactoring,2023-12
DE_A20_LOAN_00645,DA_BSAPR_03,Scenario2_common+da_specific,FR/IT/ES without refactoring,2023-12
DE_A20_LOAN_00646,DA_BSAPR_03,Scenario2_common+da_specific,FR/IT/ES without refactoring,2023-12
DE_A20_LOAN_00647,DA_BSAPR_03,Scenario2_common+da_specific,FR/IT/ES without refactoring,2023-12
DE_A20_LOAN_00648,DA_BSAPR_02,Scenario2_common+da_specific,FR/IT/ES without refactoring,2023-12
DE_A20_LOAN_00649,DA_BSAPR_03,Scenario2_common+da_specific,FR/IT/ES without refactoring,2023-12
DE_A20_LOAN_00650,DA_BSAPR_03,Scenario2_common+da_specific,FR/IT/ES without refactoring,2023-12
DE_A20_LOAN_00651,DA_BSAPR_02,Scenario2_common+da_specific,FR/IT/ES without refactoring,2023-12
DE_A20_LOAN_00652,DA_BSAPR_03,Scenario2_common+da_specific,FR/IT/ES without refactoring,2023-12
DE_A20_LOAN_00653,DA_BSAPR_02,Scenario2_common+da_specific,FR/IT/ES without refactoring,2023-12
DE_A20_LOAN_00654,DA_BSAPR_03,Scenario2_common+da_specific,FR/IT/ES without refactoring,2023-12
DE_A20_LOAN_00655,DA_BSAPR_01,Scenario2_common+da_specific,FR/IT/ES without refactoring,2023-12
DE_A20_LOAN_00656,DA_BSAPR_01,Scenario2_common+da_specific,FR/IT/ES without refactoring,2023-12
DE_A20_LOAN_00657,DA_BSAPR_03,Scenario2_common+da_specific,FR/IT/ES without refactoring,2023-12
DE_A20_LOAN_00658,DA_BSAPR_01,Scenario2_common+da_specific,FR/IT/ES without refactoring,2023-12
DE_A20_LOAN_00659,DA_BSAPR_02,Scenario2_common+da_specific,FR/IT/ES without refactoring,2023-12
DE_A20_LOAN_00660,DA_BSAPR_01,Scenario2_common+da_specific,FR/IT/ES without refactoring,2023-12
DE_A20_LOAN_00661,DA_BSAPR_03,Scenario2_common+da_specific,FR/IT/ES without refactoring,2023-12
DE_A20_LOAN_00662,DA_BSAPR_03,Scenario2_common+da_specific,FR/IT/ES without refactoring,2023-12
DE_A20_LOAN_00663,DA_BSAPR_02,Scenario2_common+da_specific,FR/IT/ES without refactoring,2023-12
DE_A20_LOAN_00664,DA_BSAPR_03,Scenario2_common+da_specific,FR/IT/ES without refactoring,2023-12
DE_A20_LOAN_00665,DA_BSAPR_02,Scenario2_common+da_specific,FR/IT/ES without refactoring,2023-12
DE_A20_LOAN_00666,DA_BSAPR_01,Scenario2_common+da_specific,FR/IT/ES without refactoring,2023-12
DE_A20_LOAN_00667,DA_BSAPR_01,Scenario2_common+da_specific,FR/IT/ES without refactoring,2023-12
DE_A20_LOAN_00668,DA_BSAPR_02,Scenario2_common+da_specific,FR/IT/ES without refactoring,2023-12
DE_A20_LOAN_00669,DA_BSAPR_02,Scenario2_common+da_specific,FR/IT/ES without refactoring,2023-12
DE_A20_LOAN_00670,DA_BSAPR_03,Scenario2_common+da_specific,FR/IT/ES without refactoring,2023-12
DE_A20_LOAN_00671,DA_BSAPR_01,Scenario2_common+da_specific,FR/IT/ES without refactoring,2023-12
DE_A20_LOAN_00672,DA_BSAPR_02,Scenario2_common+da_specific,FR/IT/ES without refactoring,2023-12
DE_A20_LOAN_00673,DA_BSAPR_01,Scenario2_common+da_specific,FR/IT/ES without refactoring,2023-12
DE_A20_LOAN_00674,DA_BSAPR_02,Scenario2_common+da_specific,FR/IT/ES without refactoring,2023-12
DE_A20_LOAN_00675,DA_BSAPR_01,Scenario2_common+da_specific,FR/IT/ES without refactoring,2023-12
DE_A20_LOAN_00676,DA_BSAPR_03,Scenario2_common+da_specific,FR/IT/ES without refactoring,2023-12
DE_A20_LOAN_00677,DA_BSAPR_01,Scenario2_common+da_specific,FR/IT/ES without refactoring,2023-12
DE_A20_LOAN_00678,DA_BSAPR_01,Scenario2_common+da_specific,FR/IT/ES without refactoring,2023-12
DE_A20_LOAN_00679,DA_BSAPR_01,Scenario2_common+da_specific,FR/IT/ES without refactoring,2023-12
DE_A20_LOAN_00680,DA_BSAPR_01,Scenario2_common+da_specific,FR/IT/ES without refactoring,2023-12
DE_A20_LOAN_00681,DA_BSAPR_01,Scenario2_common+da_specific,FR/IT/ES without refactoring,2023-12
DE_A20_LOAN_00682,DA_BSAPR_03,Scenario2_common+da_specific,FR/IT/ES without refactoring,2023-12
DE_A20_LOAN_00683,DA_BSAPR_02,Scenario2_common+da_specific,FR/IT/ES without refactoring,2023-12
DE_A20_LOAN_00684,DA_BSAPR_01,Scenario2_common+da_specific,FR/IT/ES without refactoring,2023-12
DE_A20_LOAN_00685,DA_BSAPR_03,Scenario2_common+da_specific,FR/IT/ES without refactoring,2023-12
DE_A20_LOAN_00686,DA_BSAPR_01,Scenario2_common+da_specific,FR/IT/ES without refactoring,2023-12
DE_A20_LOAN_00687,DA_BSAPR_01,Scenario2_common+da_specific,FR/IT/ES without refactoring,2023-12
DE_A20_LOAN_00688,DA_BSAPR_02,Scenario2_common+da_specific,FR/IT/ES without refactoring,2023-12
DE_A20_LOAN_00689,DA_BSAPR_01,Scenario2_common+da_specific,FR/IT/ES without refactoring,2023-12
DE_A20_LOAN_00690,DA_BSAPR_03,Scenario2_common+da_specific,FR/IT/ES without refactoring,2023-12
DE_A20_LOAN_00691,DA_BSAPR_03,Scenario2_common+da_specific,FR/IT/ES without refactoring,2023-12
DE_A20_LOAN_00692,DA_BSAPR_02,Scenario2_common+da_specific,FR/IT/ES without refactoring,2023-12
DE_A20_LOAN_00693,DA_BSAPR_01,Scenario2_common+da_specific,FR/IT/ES without refactoring,2023-12
DE_A20_LOAN_00694,DA_BSAPR_03,Scenario2_common+da_specific,FR/IT/ES without refactoring,2023-12
DE_A20_LOAN_00695,DA_BSAPR_01,Scenario2_common+da_specific,FR/IT/ES without refactoring,2023-12
DE_A20_LOAN_00696,DA_BSAPR_01,Scenario2_common+da_specific,FR/IT/ES without refactoring,2023-12
DE_A20_LOAN_00697,DA_BSAPR_01,Scenario2_common+da_specific,FR/IT/ES without refactoring,2023-12
DE_A20_LOAN_00698,DA_BSAPR_02,Scenario2_common+da_specific,FR/IT/ES without refactoring,2023-12
DE_A20_LOAN_00699,DA_BSAPR_01,Scenario2_common+da_specific,FR/IT/ES without refactoring,2023-12
DE_A20_LOAN_00700,DA_BSAPR_03,Scenario2_common+da_specific,FR/IT/ES without refactoring,2023-12
DE_A20_LOAN_00701,DA_BSAPR_01,Scenario2_common+da_specific,FR/IT/ES without refactoring,2023-12
DE_A20_LOAN_00702,DA_BSAPR_03,Scenario2_common+da_specific,FR/IT/ES without refactoring,2023-12
DE_A20_LOAN_00703,DA_BSAPR_01,Scenario2_common+da_specific,FR/IT/ES without refactoring,2023-12
DE_A20_LOAN_00704,DA_BSAPR_03,Scenario2_common+da_specific,FR/IT/ES without refactoring,2023-12
DE_A20_LOAN_00705,DA_BSAPR_03,Scenario2_common+da_specific,FR/IT/ES without refactoring,2023-12
DE_A20_LOAN_00706,DA_BSAPR_01,Scenario2_common+da_specific,FR/IT/ES without refactoring,2023-12
DE_A20_LOAN_00707,DA_BSAPR_01,Scenario2_common+da_specific,FR/IT/ES without refactoring,2023-12
DE_A20_LOAN_00708,DA_BSAPR_03,Scenario2_common+da_specific,FR/IT/ES without refactoring,2023-12
DE_A20_LOAN_00709,DA_BSAPR_02,Scenario2_common+da_specific,FR/IT/ES without refactoring,2023-12
DE_A20_LOAN_00710,DA_BSAPR_01,Scenario2_common+da_specific,FR/IT/ES without refactoring,2023-12
DE_A20_LOAN_00711,DA_BSAPR_02,Scenario2_common+da_specific,FR/IT/ES without refactoring,2023-12
DE_A20_LOAN_00712,DA_BSAPR_01,Scenario2_common+da_specific,FR/IT/ES without refactoring,2023-12
DE_A20_LOAN_00713,DA_BSAPR_01,Scenario2_common+da_specific,FR/IT/ES without refactoring,2023-12
DE_A20_LOAN_00714,DA_BSAPR_01,Scenario2_common+da_specific,FR/IT/ES without refactoring,2023-12
DE_A20_LOAN_00715,DA_BSAPR_01,Scenario2_common+da_specific,FR/IT/ES without refactoring,2023-12
DE_A20_LOAN_00716,DA_BSAPR_02,Scenario2_common+da_specific,FR/IT/ES without refactoring,2023-12
DE_A20_LOAN_00717,DA_BSAPR_01,Scenario2_common+da_specific,FR/IT/ES without refactoring,2023-12
DE_A20_LOAN_00718,DA_BSAPR_03,Scenario2_common+da_specific,FR/IT/ES without refactoring,2023-12
DE_A20_LOAN_00719,DA_BSAPR_03,Scenario2_common+da_specific,FR/IT/ES without refactoring,2023-12
DE_A20_LOAN_00720,DA_BSAPR_02,Scenario2_common+da_specific,FR/IT/ES without refactoring,2023-12
DE_A20_LOAN_00721,DA_BSAPR_01,Scenario2_common+da_specific,FR/IT/ES without refactoring,2023-12
DE_A20_LOAN_00722,DA_BSAPR_03,Scenario2_common+da_specific,FR/IT/ES without refactoring,2023-12
DE_A20_LOAN_00723,DA_BSAPR_02,Scenario2_common+da_specific,FR/IT/ES without refactoring,2023-12
DE_A20_LOAN_00724,DA_BSAPR_01,Scenario2_common+da_specific,FR/IT/ES without refactoring,2023-12
DE_A20_LOAN_00725,DA_BSAPR_03,Scenario2_common+da_specific,FR/IT/ES without refactoring,2023-12
DE_A20_LOAN_00726,DA_BSAPR_03,Scenario2_common+da_specific,FR/IT/ES without refactoring,2023-12
DE_A20_LOAN_00727,DA_BSAPR_02,Scenario2_common+da_specific,FR/IT/ES without refactoring,2023-12
DE_A20_LOAN_00728,DA_BSAPR_01,Scenario2_common+da_specific,FR/IT/ES without refactoring,2023-12
DE_A20_LOAN_00729,DA_BSAPR_01,Scenario2_common+da_specific,FR/IT/ES without refactoring,2023-12
DE_A20_LOAN_00730,DA_BSAPR_03,Scenario2_common+da_specific,FR/IT/ES without refactoring,2023-12
DE_A20_LOAN_00731,DA_BSAPR_03,Scenario2_common+da_specific,FR/IT/ES without refactoring,2023-12
DE_A20_LOAN_00732,DA_BSAPR_03,Scenario2_common+da_specific,FR/IT/ES without refactoring,2023-12
DE_A20_LOAN_00733,DA_BSAPR_01,Scenario2_common+da_specific,FR/IT/ES without refactoring,2023-12
DE_A20_LOAN_00734,DA_BSAPR_02,Scenario2_common+da_specific,FR/IT/ES without refactoring,2023-12
DE_A20_LOAN_00735,DA_BSAPR_02,Scenario2_common+da_specific,FR/IT/ES without refactoring,2023-12
DE_A20_LOAN_00736,DA_BSAPR_01,Scenario2_common+da_specific,FR/IT/ES without refactoring,2023-12
DE_A20_LOAN_00737,DA_BSAPR_02,Scenario2_common+da_specific,FR/IT/ES without refactoring,2023-12
DE_A20_LOAN_00738,DA_BSAPR_03,Scenario2_common+da_specific,FR/IT/ES without refactoring,2023-12
DE_A20_LOAN_00739,DA_BSAPR_02,Scenario2_common+da_specific,FR/IT/ES without refactoring,2023-12
DE_A20_LOAN_00740,DA_BSAPR_02,Scenario2_common+da_specific,FR/IT/ES without refactoring,2023-12
DE_A20_LOAN_00741,DA_BSAPR_02,Scenario2_common+da_specific,FR/IT/ES without refactoring,2023-12
DE_A20_LOAN_00742,DA_BSAPR_03,Scenario2_common+da_specific,FR/IT/ES without refactoring,2023-12
DE_A20_LOAN_00743,DA_BSAPR_01,Scenario2_common+da_specific,FR/IT/ES without refactoring,2023-12
DE_A20_LOAN_00744,DA_BSAPR_03,Scenario2_common+da_specific,FR/IT/ES without refactoring,2023-12
DE_A20_LOAN_00745,DA_BSAPR_01,Scenario2_common+da_specific,FR/IT/ES without refactoring,2023-12
DE_A20_LOAN_00746,DA_BSAPR_01,Scenario2_common+da_specific,FR/IT/ES without refactoring,2023-12
DE_A20_LOAN_00747,DA_BSAPR_01,Scenario2_common+da_specific,FR/IT/ES without refactoring,2023-12
DE_A20_LOAN_00748,DA_BSAPR_02,Scenario2_common+da_specific,FR/IT/ES without refactoring,2023-12
DE_A20_LOAN_00749,DA_BSAPR_02,Scenario2_common+da_specific,FR/IT/ES without refactoring,2023-12
DE_A20_LOAN_00750,DA_BSAPR_01,Scenario2_common+da_specific,FR/IT/ES without refactoring,2023-12
DE_A20_LOAN_00751,DA_BSAPR_01,Scenario2_common+da_specific,FR/IT/ES without refactoring,2023-12
DE_A20_LOAN_00752,DA_BSAPR_02,Scenario2_common+da_specific,FR/IT/ES without refactoring,2023-12
DE_A20_LOAN_00753,DA_BSAPR_03,Scenario2_common+da_specific,FR/IT/ES without refactoring,2023-12
DE_A20_LOAN_00754,DA_BSAPR_01,Scenario2_common+da_specific,FR/IT/ES without refactoring,2023-12
DE_A20_LOAN_00755,DA_BSAPR_03,Scenario2_common+da_specific,FR/IT/ES without refactoring,2023-12
DE_A20_LOAN_00756,DA_BSAPR_02,Scenario2_common+da_specific,FR/IT/ES without refactoring,2023-12
DE_A20_LOAN_00757,DA_BSAPR_01,Scenario2_common+da_specific,FR/IT/ES without refactoring,2023-12
DE_A20_LOAN_00758,DA_BSAPR_03,Scenario2_common+da_specific,FR/IT/ES without refactoring,2023-12
DE_A20_LOAN_00759,DA_BSAPR_03,Scenario2_common+da_specific,FR/IT/ES without refactoring,2023-12
DE_A20_LOAN_00760,DA_BSAPR_03,Scenario2_common+da_specific,FR/IT/ES without refactoring,2023-12
DE_A20_LOAN_00761,DA_BSAPR_02,Scenario2_common+da_specific,FR/IT/ES without refactoring,2023-12
DE_A20_LOAN_00762,DA_BSAPR_02,Scenario2_common+da_specific,FR/IT/ES without refactoring,2023-12
DE_A20_LOAN_00763,DA_BSAPR_03,Scenario2_common+da_specific,FR/IT/ES without refactoring,2023-12
DE_A20_LOAN_00764,DA_BSAPR_03,Scenario2_common+da_specific,FR/IT/ES without refactoring,2023-12
DE_A20_LOAN_00765,DA_BSAPR_02,Scenario2_common+da_specific,FR/IT/ES without refactoring,2023-12
DE_A20_LOAN_00766,DA_BSAPR_03,Scenario2_common+da_specific,FR/IT/ES without refactoring,2023-12
DE_A20_LOAN_00767,DA_BSAPR_03,Scenario2_common+da_specific,FR/IT/ES without refactoring,2023-12
DE_A20_LOAN_00768,DA_BSAPR_02,Scenario2_common+da_specific,FR/IT/ES without refactoring,2023-12
DE_A20_LOAN_00769,DA_BSAPR_03,Scenario2_common+da_specific,FR/IT/ES without refactoring,2023-12
DE_A20_LOAN_00770,DA_BSAPR_03,Scenario2_common+da_specific,FR/IT/ES without refactoring,2023-12
DE_A20_LOAN_00771,DA_BSAPR_03,Scenario2_common+da_specific,FR/IT/ES without refactoring,2023-12
DE_A20_LOAN_00772,DA_BSAPR_02,Scenario2_common+da_specific,FR/IT/ES without refactoring,2023-12
DE_A20_LOAN_00773,DA_BSAPR_03,Scenario2_common+da_specific,FR/IT/ES without refactoring,2023-12
DE_A20_LOAN_00774,DA_BSAPR_02,Scenario2_common+da_specific,FR/IT/ES without refactoring,2023-12
DE_A20_LOAN_00775,DA_BSAPR_02,Scenario2_common+da_specific,FR/IT/ES without refactoring,2023-12
DE_A20_LOAN_00776,DA_BSAPR_01,Scenario2_common+da_specific,FR/IT/ES without refactoring,2023-12
DE_A20_LOAN_00777,DA_BSAPR_01,Scenario2_common+da_specific,FR/IT/ES without refactoring,2023-12
DE_A20_LOAN_00778,DA_BSAPR_03,Scenario2_common+da_specific,FR/IT/ES without refactoring,2023-12
DE_A20_LOAN_00779,DA_BSAPR_02,Scenario2_common+da_specific,FR/IT/ES without refactoring,2023-12
DE_A20_LOAN_00780,DA_BSAPR_01,Scenario2_common+da_specific,FR/IT/ES without refactoring,2023-12
DE_A20_LOAN_00781,DA_BSAPR_03,Scenario2_common+da_specific,FR/IT/ES without refactoring,2023-12
DE_A20_LOAN_00782,DA_BSAPR_01,Scenario2_common+da_specific,FR/IT/ES without refactoring,2023-12
DE_A20_LOAN_00783,DA_BSAPR_01,Scenario2_common+da_specific,FR/IT/ES without refactoring,2023-12
DE_A20_LOAN_00784,DA_BSAPR_02,Scenario2_common+da_specific,FR/IT/ES without refactoring,2023-12
DE_A20_LOAN_00785,DA_BSAPR_02,Scenario2_common+da_specific,FR/IT/ES without refactoring,2023-12
DE_A20_LOAN_00786,DA_BSAPR_01,Scenario2_common+da_specific,FR/IT/ES without refactoring,2023-12
DE_A20_LOAN_00787,DA_BSAPR_01,Scenario2_common+da_specific,FR/IT/ES without refactoring,2023-12
DE_A20_LOAN_00788,DA_BSAPR_02,Scenario2_common+da_specific,FR/IT/ES without refactoring,2023-12
DE_A20_LOAN_00789,DA_BSAPR_03,Scenario2_common+da_specific,FR/IT/ES without refactoring,2023-12
DE_A20_LOAN_00790,DA_BSAPR_02,Scenario2_common+da_specific,FR/IT/ES without refactoring,2023-12
DE_A20_LOAN_00791,DA_BSAPR_01,Scenario2_common+da_specific,FR/IT/ES without refactoring,2023-12
DE_A20_LOAN_00792,DA_BSAPR_03,Scenario2_common+da_specific,FR/IT/ES without refactoring,2023-12
DE_A20_LOAN_00793,DA_BSAPR_01,Scenario2_common+da_specific,FR/IT/ES without refactoring,2023-12
DE_A20_LOAN_00794,DA_BSAPR_03,Scenario2_common+da_specific,FR/IT/ES without refactoring,2023-12
DE_A20_LOAN_00795,DA_BSAPR_01,Scenario2_common+da_specific,FR/IT/ES without refactoring,2023-12
DE_A20_LOAN_00796,DA_BSAPR_03,Scenario2_common+da_specific,FR/IT/ES without refactoring,2023-12
DE_A20_LOAN_00797,DA_BSAPR_03,Scenario2_common+da_specific,FR/IT/ES without refactoring,2023-12
DE_A20_LOAN_00798,DA_BSAPR_01,Scenario2_common+da_specific,FR/IT/ES without refactoring,2023-12
DE_A20_LOAN_00799,DA_BSAPR_03,Scenario2_common+da_specific,FR/IT/ES without refactoring,2023-12
DE_A20_LOAN_00800,DA_BSAPR_02,Scenario2_common+da_specific,FR/IT/ES without refactoring,2023-12
DE_A20_LOAN_00801,DA_BSAPR_01,Scenario2_common+da_specific,FR/IT/ES without refactoring,2023-12
DE_A20_LOAN_00802,DA_BSAPR_02,Scenario2_common+da_specific,FR/IT/ES without refactoring,2023-12
DE_A20_LOAN_00803,DA_BSAPR_01,Scenario2_common+da_specific,FR/IT/ES without refactoring,2023-12
DE_A20_LOAN_00804,DA_BSAPR_03,Scenario2_common+da_specific,FR/IT/ES without refactoring,2023-12
DE_A20_LOAN_00805,DA_BSAPR_03,Scenario2_common+da_specific,FR/IT/ES without refactoring,2023-12
DE_A20_LOAN_00806,DA_BSAPR_03,Scenario2_common+da_specific,FR/IT/ES without refactoring,2023-12
DE_A20_LOAN_00807,DA_BSAPR_01,Scenario2_common+da_specific,FR/IT/ES without refactoring,2023-12
DE_A20_LOAN_00808,DA_BSAPR_02,Scenario2_common+da_specific,FR/IT/ES without refactoring,2023-12
DE_A20_LOAN_00809,DA_BSAPR_02,Scenario2_common+da_specific,FR/IT/ES without refactoring,2023-12
DE_A20_LOAN_00810,DA_BSAPR_01,Scenario2_common+da_specific,FR/IT/ES without refactoring,2023-12
DE_A20_LOAN_00811,DA_BSAPR_01,Scenario2_common+da_specific,FR/IT/ES without refactoring,2023-12
DE_A20_LOAN_00812,DA_BSAPR_02,Scenario2_common+da_specific,FR/IT/ES without refactoring,2023-12
DE_A20_LOAN_00813,DA_BSAPR_02,Scenario2_common+da_specific,FR/IT/ES without refactoring,2023-12
DE_A20_LOAN_00814,DA_BSAPR_02,Scenario2_common+da_specific,FR/IT/ES without refactoring,2023-12
DE_A20_LOAN_00815,DA_BSAPR_02,Scenario2_common+da_specific,FR/IT/ES without refactoring,2023-12
DE_A20_LOAN_00816,DA_BSAPR_01,Scenario2_common+da_specific,FR/IT/ES without refactoring,2023-12
DE_A20_LOAN_00817,DA_BSAPR_01,Scenario2_common+da_specific,FR/IT/ES without refactoring,2023-12
DE_A20_LOAN_00818,DA_BSAPR_03,Scenario2_common+da_specific,FR/IT/ES without refactoring,2023-12
DE_A20_LOAN_00819,DA_BSAPR_02,Scenario2_common+da_specific,FR/IT/ES without refactoring,2023-12
DE_A20_LOAN_00820,DA_BSAPR_03,Scenario2_common+da_specific,FR/IT/ES without refactoring,2023-12
DE_A20_LOAN_00821,DA_BSAPR_01,Scenario2_common+da_specific,FR/IT/ES without refactoring,2023-12
DE_A20_LOAN_00822,DA_BSAPR_01,Scenario2_common+da_specific,FR/IT/ES without refactoring,2023-12
DE_A20_LOAN_00823,DA_BSAPR_03,Scenario2_common+da_specific,FR/IT/ES without refactoring,2023-12
DE_A20_LOAN_00824,DA_BSAPR_02,Scenario2_common+da_specific,FR/IT/ES without refactoring,2023-12
DE_A20_LOAN_00825,DA_BSAPR_02,Scenario2_common+da_specific,FR/IT/ES without refactoring,2023-12
DE_A20_LOAN_00826,DA_BSAPR_02,Scenario2_common+da_specific,FR/IT/ES without refactoring,2023-12
DE_A20_LOAN_00827,DA_BSAPR_02,Scenario2_common+da_specific,FR/IT/ES without refactoring,2023-12
DE_A20_LOAN_00828,DA_BSAPR_03,Scenario2_common+da_specific,FR/IT/ES without refactoring,2023-12
DE_A20_LOAN_00829,DA_BSAPR_03,Scenario2_common+da_specific,FR/IT/ES without refactoring,2023-12
DE_A20_LOAN_00830,DA_BSAPR_01,Scenario2_common+da_specific,FR/IT/ES without refactoring,2023-12
DE_A20_LOAN_00831,DA_BSAPR_02,Scenario2_common+da_specific,FR/IT/ES without refactoring,2023-12
DE_A20_LOAN_00832,DA_BSAPR_02,Scenario2_common+da_specific,FR/IT/ES without refactoring,2023-12
DE_A20_LOAN_00833,DA_BSAPR_02,Scenario2_common+da_specific,FR/IT/ES without refactoring,2023-12
DE_A20_LOAN_00834,DA_BSAPR_03,Scenario2_common+da_specific,FR/IT/ES without refactoring,2023-12
DE_A20_LOAN_00835,DA_BSAPR_02,Scenario2_common+da_specific,FR/IT/ES without refactoring,2023-12
DE_A20_LOAN_00836,DA_BSAPR_03,Scenario2_common+da_specific,FR/IT/ES without refactoring,2023-12
DE_A20_LOAN_00837,DA_BSAPR_02,Scenario2_common+da_specific,FR/IT/ES without refactoring,2023-12
DE_A20_LOAN_00838,DA_BSAPR_02,Scenario2_common+da_specific,FR/IT/ES without refactoring,2023-12
DE_A20_LOAN_00839,DA_BSAPR_01,Scenario2_common+da_specific,FR/IT/ES without refactoring,2023-12
DE_A20_LOAN_00840,DA_BSAPR_02,Scenario2_common+da_specific,FR/IT/ES without refactoring,2023-12
DE_A20_LOAN_00841,DA_BSAPR_02,Scenario2_common+da_specific,FR/IT/ES without refactoring,2023-12
DE_A20_LOAN_00842,DA_BSAPR_01,Scenario2_common+da_specific,FR/IT/ES without refactoring,2023-12
DE_A20_LOAN_00843,DA_BSAPR_03,Scenario2_common+da_specific,FR/IT/ES without refactoring,2023-12
DE_A20_LOAN_00844,DA_BSAPR_03,Scenario2_common+da_specific,FR/IT/ES without refactoring,2023-12
DE_A20_LOAN_00845,DA_BSAPR_02,Scenario2_common+da_specific,FR/IT/ES without refactoring,2023-12
DE_A20_LOAN_00846,DA_BSAPR_03,Scenario2_common+da_specific,FR/IT/ES without refactoring,2023-12
DE_A20_LOAN_00847,DA_BSAPR_02,Scenario2_common+da_specific,FR/IT/ES without refactoring,2023-12
DE_A20_LOAN_00848,DA_BSAPR_01,Scenario2_common+da_specific,FR/IT/ES without refactoring,2023-12
DE_A20_LOAN_00849,DA_BSAPR_01,Scenario2_common+da_specific,FR/IT/ES without refactoring,2023-12
DE_A20_LOAN_00850,DA_BSAPR_02,Scenario2_common+da_specific,FR/IT/ES without refactoring,2023-12
DE_A20_LOAN_00851,DA_BSAPR_01,Scenario2_common+da_specific,FR/IT/ES without refactoring,2023-12
DE_A20_LOAN_00852,DA_BSAPR_01,Scenario2_common+da_specific,FR/IT/ES without refactoring,2023-12
DE_A20_LOAN_00853,DA_BSAPR_02,Scenario2_common+da_specific,FR/IT/ES without refactoring,2023-12
DE_A20_LOAN_00854,DA_BSAPR_02,Scenario2_common+da_specific,FR/IT/ES without refactoring,2023-12
DE_A20_LOAN_00855,DA_BSAPR_01,Scenario2_common+da_specific,FR/IT/ES without refactoring,2023-12
DE_A20_LOAN_00856,DA_BSAPR_03,Scenario2_common+da_specific,FR/IT/ES without refactoring,2023-12
DE_A20_LOAN_00857,DA_BSAPR_03,Scenario2_common+da_specific,FR/IT/ES without refactoring,2023-12
DE_A20_LOAN_00858,DA_BSAPR_02,Scenario2_common+da_specific,FR/IT/ES without refactoring,2023-12
DE_A20_LOAN_00859,DA_BSAPR_02,Scenario2_common+da_specific,FR/IT/ES without refactoring,2023-12
DE_A20_LOAN_00860,DA_BSAPR_03,Scenario2_common+da_specific,FR/IT/ES without refactoring,2023-12
DE_A20_LOAN_00861,DA_BSAPR_01,Scenario2_common+da_specific,FR/IT/ES without refactoring,2023-12
DE_A20_LOAN_00862,DA_BSAPR_03,Scenario2_common+da_specific,FR/IT/ES without refactoring,2023-12
DE_A20_LOAN_00863,DA_BSAPR_03,Scenario2_common+da_specific,FR/IT/ES without refactoring,2023-12
DE_A20_LOAN_00864,DA_BSAPR_03,Scenario2_common+da_specific,FR/IT/ES without refactoring,2023-12
DE_A20_LOAN_00865,DA_BSAPR_03,Scenario2_common+da_specific,FR/IT/ES without refactoring,2023-12
DE_A20_LOAN_00866,DA_BSAPR_02,Scenario2_common+da_specific,FR/IT/ES without refactoring,2023-12
DE_A20_LOAN_00867,DA_BSAPR_02,Scenario2_common+da_specific,FR/IT/ES without refactoring,2023-12
DE_A20_LOAN_00868,DA_BSAPR_01,Scenario2_common+da_specific,FR/IT/ES without refactoring,2023-12
DE_A20_LOAN_00869,DA_BSAPR_01,Scenario2_common+da_specific,FR/IT/ES without refactoring,2023-12
DE_A20_LOAN_00870,DA_BSAPR_01,Scenario2_common+da_specific,FR/IT/ES without refactoring,2023-12
DE_A20_LOAN_00871,DA_BSAPR_01,Scenario2_common+da_specific,FR/IT/ES without refactoring,2023-12
DE_A20_LOAN_00872,DA_BSAPR_03,Scenario2_common+da_specific,FR/IT/ES without refactoring,2023-12
DE_A20_LOAN_00873,DA_BSAPR_02,Scenario2_common+da_specific,FR/IT/ES without refactoring,2023-12
DE_A20_LOAN_00874,DA_BSAPR_02,Scenario2_common+da_specific,FR/IT/ES without refactoring,2023-12
DE_A20_LOAN_00875,DA_BSAPR_01,Scenario2_common+da_specific,FR/IT/ES without refactoring,2023-12
DE_A20_LOAN_00876,DA_BSAPR_01,Scenario2_common+da_specific,FR/IT/ES without refactoring,2023-12
DE_A20_LOAN_00877,DA_BSAPR_03,Scenario2_common+da_specific,FR/IT/ES without refactoring,2023-12
DE_A20_LOAN_00878,DA_BSAPR_03,Scenario2_common+da_specific,FR/IT/ES without refactoring,2023-12
DE_A20_LOAN_00879,DA_BSAPR_01,Scenario2_common+da_specific,FR/IT/ES without refactoring,2023-12
DE_A20_LOAN_00880,DA_BSAPR_02,Scenario2_common+da_specific,FR/IT/ES without refactoring,2023-12
DE_A20_LOAN_00881,DA_BSAPR_02,Scenario2_common+da_specific,FR/IT/ES without refactoring,2023-12
DE_A20_LOAN_00882,DA_BSAPR_02,Scenario2_common+da_specific,FR/IT/ES without refactoring,2023-12
DE_A20_LOAN_00883,DA_BSAPR_01,Scenario2_common+da_specific,FR/IT/ES without refactoring,2023-12
DE_A20_LOAN_00884,DA_BSAPR_02,Scenario2_common+da_specific,FR/IT/ES without refactoring,2023-12
DE_A20_LOAN_00885,DA_BSAPR_03,Scenario2_common+da_specific,FR/IT/ES without refactoring,2023-12
DE_A20_LOAN_00886,DA_BSAPR_03,Scenario2_common+da_specific,FR/IT/ES without refactoring,2023-12
DE_A20_LOAN_00887,DA_BSAPR_01,Scenario2_common+da_specific,FR/IT/ES without refactoring,2023-12
DE_A20_LOAN_00888,DA_BSAPR_03,Scenario2_common+da_specific,FR/IT/ES without refactoring,2023-12
DE_A20_LOAN_00889,DA_BSAPR_01,Scenario2_common+da_specific,FR/IT/ES without refactoring,2023-12
DE_A20_LOAN_00890,DA_BSAPR_02,Scenario2_common+da_specific,FR/IT/ES without refactoring,2023-12
DE_A20_LOAN_00891,DA_BSAPR_02,Scenario2_common+da_specific,FR/IT/ES without refactoring,2023-12
DE_A20_LOAN_00892,DA_BSAPR_02,Scenario2_common+da_specific,FR/IT/ES without refactoring,2023-12
DE_A20_LOAN_00893,DA_BSAPR_03,Scenario2_common+da_specific,FR/IT/ES without refactoring,2023-12
DE_A20_LOAN_00894,DA_BSAPR_01,Scenario2_common+da_specific,FR/IT/ES without refactoring,2023-12
DE_A20_LOAN_00895,DA_BSAPR_02,Scenario2_common+da_specific,FR/IT/ES without refactoring,2023-12
DE_A20_LOAN_00896,DA_BSAPR_01,Scenario2_common+da_specific,FR/IT/ES without refactoring,2023-12
DE_A20_LOAN_00897,DA_BSAPR_02,Scenario2_common+da_specific,FR/IT/ES without refactoring,2023-12
DE_A20_LOAN_00898,DA_BSAPR_03,Scenario2_common+da_specific,FR/IT/ES without refactoring,2023-12
DE_A20_LOAN_00899,DA_BSAPR_03,Scenario2_common+da_specific,FR/IT/ES without refactoring,2023-12
DE_A20_LOAN_00900,DA_BSAPR_01,Scenario2_common+da_specific,FR/IT/ES without refactoring,2023-12
DE_A20_LOAN_00901,DA_BSAPR_03,Scenario2_common+da_specific,FR/IT/ES without refactoring,2023-12
DE_A20_LOAN_00902,DA_BSAPR_03,Scenario2_common+da_specific,FR/IT/ES without refactoring,2023-12
DE_A20_LOAN_00903,DA_BSAPR_01,Scenario2_common+da_specific,FR/IT/ES without refactoring,2023-12
DE_A20_LOAN_00904,DA_BSAPR_02,Scenario2_common+da_specific,FR/IT/ES without refactoring,2023-12
DE_A20_LOAN_00905,DA_BSAPR_03,Scenario2_common+da_specific,FR/IT/ES without refactoring,2023-12
DE_A20_LOAN_00906,DA_BSAPR_01,Scenario2_common+da_specific,FR/IT/ES without refactoring,2023-12
DE_A20_LOAN_00907,DA_BSAPR_03,Scenario2_common+da_specific,FR/IT/ES without refactoring,2023-12
DE_A20_LOAN_00908,DA_BSAPR_03,Scenario2_common+da_specific,FR/IT/ES without refactoring,2023-12
DE_A20_LOAN_00909,DA_BSAPR_03,Scenario2_common+da_specific,FR/IT/ES without refactoring,2023-12
DE_A20_LOAN_00910,DA_BSAPR_03,Scenario2_common+da_specific,FR/IT/ES without refactoring,2023-12
DE_A20_LOAN_00911,DA_BSAPR_01,Scenario2_common+da_specific,FR/IT/ES without refactoring,2023-12
DE_A20_LOAN_00912,DA_BSAPR_01,Scenario2_common+da_specific,FR/IT/ES without refactoring,2023-12
DE_A20_LOAN_00913,DA_BSAPR_01,Scenario2_common+da_specific,FR/IT/ES without refactoring,2023-12
DE_A20_LOAN_00914,DA_BSAPR_03,Scenario2_common+da_specific,FR/IT/ES without refactoring,2023-12
DE_A20_LOAN_00915,DA_BSAPR_03,Scenario2_common+da_specific,FR/IT/ES without refactoring,2023-12
DE_A20_LOAN_00916,DA_BSAPR_03,Scenario2_common+da_specific,FR/IT/ES without refactoring,2023-12
DE_A20_LOAN_00917,DA_BSAPR_01,Scenario2_common+da_specific,FR/IT/ES without refactoring,2023-12
DE_A20_LOAN_00918,DA_BSAPR_03,Scenario2_common+da_specific,FR/IT/ES without refactoring,2023-12
DE_A20_LOAN_00919,DA_BSAPR_02,Scenario2_common+da_specific,FR/IT/ES without refactoring,2023-12
DE_A20_LOAN_00920,DA_BSAPR_03,Scenario2_common+da_specific,FR/IT/ES without refactoring,2023-12
DE_A20_LOAN_00921,DA_BSAPR_02,Scenario2_common+da_specific,FR/IT/ES without refactoring,2023-12
DE_A20_LOAN_00922,DA_BSAPR_03,Scenario2_common+da_specific,FR/IT/ES without refactoring,2023-12
DE_A20_LOAN_00923,DA_BSAPR_01,Scenario2_common+da_specific,FR/IT/ES without refactoring,2023-12
DE_A20_LOAN_00924,DA_BSAPR_03,Scenario2_common+da_specific,FR/IT/ES without refactoring,2023-12
DE_A20_LOAN_00925,DA_BSAPR_02,Scenario2_common+da_specific,FR/IT/ES without refactoring,2023-12
DE_A20_LOAN_00926,DA_BSAPR_02,Scenario2_common+da_specific,FR/IT/ES without refactoring,2023-12
DE_A20_LOAN_00927,DA_BSAPR_03,Scenario2_common+da_specific,FR/IT/ES without refactoring,2023-12
DE_A20_LOAN_00928,DA_BSAPR_02,Scenario2_common+da_specific,FR/IT/ES without refactoring,2023-12
DE_A20_LOAN_00929,DA_BSAPR_02,Scenario2_common+da_specific,FR/IT/ES without refactoring,2023-12
DE_A20_LOAN_00930,DA_BSAPR_01,Scenario2_common+da_specific,FR/IT/ES without refactoring,2023-12
DE_A20_LOAN_00931,DA_BSAPR_03,Scenario2_common+da_specific,FR/IT/ES without refactoring,2023-12
DE_A20_LOAN_00932,DA_BSAPR_03,Scenario2_common+da_specific,FR/IT/ES without refactoring,2023-12
DE_A20_LOAN_00933,DA_BSAPR_03,Scenario2_common+da_specific,FR/IT/ES without refactoring,2023-12
DE_A20_LOAN_00934,DA_BSAPR_02,Scenario2_common+da_specific,FR/IT/ES without refactoring,2023-12
DE_A20_LOAN_00935,DA_BSAPR_03,Scenario2_common+da_specific,FR/IT/ES without refactoring,2023-12
DE_A20_LOAN_00936,DA_BSAPR_03,Scenario2_common+da_specific,FR/IT/ES without refactoring,2023-12
DE_A20_LOAN_00937,DA_BSAPR_01,Scenario2_common+da_specific,FR/IT/ES without refactoring,2023-12
DE_A20_LOAN_00938,DA_BSAPR_01,Scenario2_common+da_specific,FR/IT/ES without refactoring,2023-12
DE_A20_LOAN_00939,DA_BSAPR_01,Scenario2_common+da_specific,FR/IT/ES without refactoring,2023-12
DE_A20_LOAN_00940,DA_BSAPR_02,Scenario2_common+da_specific,FR/IT/ES without refactoring,2023-12
DE_A20_LOAN_00941,DA_BSAPR_03,Scenario2_common+da_specific,FR/IT/ES without refactoring,2023-12
DE_A20_LOAN_00942,DA_BSAPR_01,Scenario2_common+da_specific,FR/IT/ES without refactoring,2023-12
DE_A20_LOAN_00943,DA_BSAPR_01,Scenario2_common+da_specific,FR/IT/ES without refactoring,2023-12
DE_A20_LOAN_00944,DA_BSAPR_01,Scenario2_common+da_specific,FR/IT/ES without refactoring,2023-12
DE_A20_LOAN_00945,DA_BSAPR_03,Scenario2_common+da_specific,FR/IT/ES without refactoring,2023-12
DE_A20_LOAN_00946,DA_BSAPR_03,Scenario2_common+da_specific,FR/IT/ES without refactoring,2023-12
DE_A20_LOAN_00947,DA_BSAPR_03,Scenario2_common+da_specific,FR/IT/ES without refactoring,2023-12
DE_A20_LOAN_00948,DA_BSAPR_02,Scenario2_common+da_specific,FR/IT/ES without refactoring,2023-12
DE_A20_LOAN_00949,DA_BSAPR_02,Scenario2_common+da_specific,FR/IT/ES without refactoring,2023-12
DE_A20_LOAN_00950,DA_BSAPR_01,Scenario2_common+da_specific,FR/IT/ES without refactoring,2023-12
DE_A20_LOAN_00951,DA_BSAPR_03,Scenario2_common+da_specific,FR/IT/ES without refactoring,2023-12
DE_A20_LOAN_00952,DA_BSAPR_01,Scenario2_common+da_specific,FR/IT/ES without refactoring,2023-12
DE_A20_LOAN_00953,DA_BSAPR_03,Scenario2_common+da_specific,FR/IT/ES without refactoring,2023-12
DE_A20_LOAN_00954,DA_BSAPR_03,Scenario2_common+da_specific,FR/IT/ES without refactoring,2023-12
DE_A20_LOAN_00955,DA_BSAPR_03,Scenario2_common+da_specific,FR/IT/ES without refactoring,2023-12
DE_A20_LOAN_00956,DA_BSAPR_02,Scenario2_common+da_specific,FR/IT/ES without refactoring,2023-12
DE_A20_LOAN_00957,DA_BSAPR_02,Scenario2_common+da_specific,FR/IT/ES without refactoring,2023-12
DE_A20_LOAN_00958,DA_BSAPR_03,Scenario2_common+da_specific,FR/IT/ES without refactoring,2023-12
DE_A20_LOAN_00959,DA_BSAPR_01,Scenario2_common+da_specific,FR/IT/ES without refactoring,2023-12
DE_A20_LOAN_00960,DA_BSAPR_03,Scenario2_common+da_specific,FR/IT/ES without refactoring,2023-12
DE_A20_LOAN_00961,DA_BSAPR_03,Scenario2_common+da_specific,FR/IT/ES without refactoring,2023-12
DE_A20_LOAN_00962,DA_BSAPR_01,Scenario2_common+da_specific,FR/IT/ES without refactoring,2023-12
DE_A20_LOAN_00963,DA_BSAPR_03,Scenario2_common+da_specific,FR/IT/ES without refactoring,2023-12
DE_A20_LOAN_00964,DA_BSAPR_01,Scenario2_common+da_specific,FR/IT/ES without refactoring,2023-12
DE_A20_LOAN_00965,DA_BSAPR_02,Scenario2_common+da_specific,FR/IT/ES without refactoring,2023-12
DE_A20_LOAN_00966,DA_BSAPR_02,Scenario2_common+da_specific,FR/IT/ES without refactoring,2023-12
DE_A20_LOAN_00967,DA_BSAPR_01,Scenario2_common+da_specific,FR/IT/ES without refactoring,2023-12
DE_A20_LOAN_00968,DA_BSAPR_02,Scenario2_common+da_specific,FR/IT/ES without refactoring,2023-12
DE_A20_LOAN_00969,DA_BSAPR_02,Scenario2_common+da_specific,FR/IT/ES without refactoring,2023-12
DE_A20_LOAN_00970,DA_BSAPR_01,Scenario2_common+da_specific,FR/IT/ES without refactoring,2023-12
DE_A20_LOAN_00971,DA_BSAPR_02,Scenario2_common+da_specific,FR/IT/ES without refactoring,2023-12
DE_A20_LOAN_00972,DA_BSAPR_03,Scenario2_common+da_specific,FR/IT/ES without refactoring,2023-12
DE_A20_LOAN_00973,DA_BSAPR_03,Scenario2_common+da_specific,FR/IT/ES without refactoring,2023-12
DE_A20_LOAN_00974,DA_BSAPR_01,Scenario2_common+da_specific,FR/IT/ES without refactoring,2023-12
DE_A20_LOAN_00975,DA_BSAPR_02,Scenario2_common+da_specific,FR/IT/ES without refactoring,2023-12
DE_A20_LOAN_00976,DA_BSAPR_03,Scenario2_common+da_specific,FR/IT/ES without refactoring,2023-12
DE_A20_LOAN_00977,DA_BSAPR_03,Scenario2_common+da_specific,FR/IT/ES without refactoring,2023-12
DE_A20_LOAN_00978,DA_BSAPR_02,Scenario2_common+da_specific,FR/IT/ES without refactoring,2023-12
DE_A20_LOAN_00979,DA_BSAPR_02,Scenario2_common+da_specific,FR/IT/ES without refactoring,2023-12
DE_A20_LOAN_00980,DA_BSAPR_03,Scenario2_common+da_specific,FR/IT/ES without refactoring,2023-12
DE_A20_LOAN_00981,DA_BSAPR_03,Scenario2_common+da_specific,FR/IT/ES without refactoring,2023-12
DE_A20_LOAN_00982,DA_BSAPR_01,Scenario2_common+da_specific,FR/IT/ES without refactoring,2023-12
DE_A20_LOAN_00983,DA_BSAPR_01,Scenario2_common+da_specific,FR/IT/ES without refactoring,2023-12
DE_A20_LOAN_00984,DA_BSAPR_03,Scenario2_common+da_specific,FR/IT/ES without refactoring,2023-12
DE_A20_LOAN_00985,DA_BSAPR_01,Scenario2_common+da_specific,FR/IT/ES without refactoring,2023-12
DE_A20_LOAN_00986,DA_BSAPR_03,Scenario2_common+da_specific,FR/IT/ES without refactoring,2023-12
DE_A20_LOAN_00987,DA_BSAPR_03,Scenario2_common+da_specific,FR/IT/ES without refactoring,2023-12
DE_A20_LOAN_00988,DA_BSAPR_01,Scenario2_common+da_specific,FR/IT/ES without refactoring,2023-12
DE_A20_LOAN_00989,DA_BSAPR_01,Scenario2_common+da_specific,FR/IT/ES without refactoring,2023-12
DE_A20_LOAN_00990,DA_BSAPR_02,Scenario2_common+da_specific,FR/IT/ES without refactoring,2023-12
DE_A20_LOAN_00991,DA_BSAPR_02,Scenario2_common+da_specific,FR/IT/ES without refactoring,2023-12
DE_A20_LOAN_00992,DA_BSAPR_02,Scenario2_common+da_specific,FR/IT/ES without refactoring,2023-12
DE_A20_LOAN_00993,DA_BSAPR_03,Scenario2_common+da_specific,FR/IT/ES without refactoring,2023-12
DE_A20_LOAN_00994,DA_BSAPR_01,Scenario2_common+da_specific,FR/IT/ES without refactoring,2023-12
DE_A20_LOAN_00995,DA_BSAPR_03,Scenario2_common+da_specific,FR/IT/ES without refactoring,2023-12
DE_A20_LOAN_00996,DA_BSAPR_01,Scenario2_common+da_specific,FR/IT/ES without refactoring,2023-12
DE_A20_LOAN_00997,DA_BSAPR_03,Scenario2_common+da_specific,FR/IT/ES without refactoring,2023-12
DE_A20_LOAN_00998,DA_BSAPR_02,Scenario2_common+da_specific,FR/IT/ES without refactoring,2023-12
DE_A20_LOAN_00999,DA_BSAPR_02,Scenario2_common+da_specific,FR/IT/ES without refactoring,2023-12
