instrument_id,party_id,protection_id,BS_ITEM,BS_COUNT_SECTOR,outstanding_nominal_amount,ref_period,instrument_type,currency
DE_A20_LOAN_00000,DE_PARTY_00164,PROT_00092,A20,1000,1521.35,2023-12,LOAN,EUR
DE_A20_LOAN_00001,DE_PARTY_00029,PROT_00155,A20,1000,1039.41,2023-12,LOAN,EUR
DE_A20_LOAN_00002,DE_PARTY_00007,PROT_00008,A20,1000,1665.66,2023-12,LOAN,EUR
DE_A20_LOAN_00003,DE_PARTY_00190,PROT_00363,A20,1000,2816.31,2023-12,LOAN,EUR
DE_A20_LOAN_00004,DE_PARTY_00071,PROT_00274,A20,1000,981.29,2023-12,LOAN,EUR
DE_A20_LOAN_00005,DE_PARTY_00063,PROT_00065,A20,1000,981.3,2023-12,LOAN,EUR
DE_A20_LOAN_00006,DE_PARTY_00058,PROT_00141,A20,1000,2912.87,2023-12,LOAN,EUR
DE_A20_LOAN_00007,DE_PARTY_00036,PROT_00024,A20,1000,1789.74,2023-12,LOAN,EUR
DE_A20_LOAN_00008,DE_PARTY_00189,PROT_00499,A20,1000,852.08,2023-12,LOAN,EUR
DE_A20_LOAN_00009,DE_PARTY_00027,PROT_00028,A20,1000,1563.84,2023-12,LOAN,EUR
DE_A20_LOAN_00010,DE_PARTY_00174,PROT_00284,A20,1000,855.18,2023-12,LOAN,EUR
DE_A20_LOAN_00011,DE_PARTY_00190,PROT_00150,A20,1000,854.0,2023-12,LOAN,EUR
DE_A20_LOAN_00012,DE_PARTY_00140,PROT_00358,A20,1000,1305.76,2023-12,LOAN,EUR
DE_A20_LOAN_00013,DE_PARTY_00023,PROT_00484,A20,1000,358.31,2023-12,LOAN,EUR
DE_A20_LOAN_00014,DE_PARTY_00152,PROT_00065,A20,1000,401.18,2023-12,LOAN,EUR
DE_A20_LOAN_00015,DE_PARTY_00109,PROT_00327,A20,1000,805.93,2023-12,LOAN,EUR
DE_A20_LOAN_00016,DE_PARTY_00009,PROT_00445,A20,1000,615.03,2023-12,LOAN,EUR
DE_A20_LOAN_00017,DE_PARTY_00008,PROT_00386,A20,1000,1363.64,2023-12,LOAN,EUR
DE_A20_LOAN_00018,DE_PARTY_00024,PROT_00252,A20,1000,654.94,2023-12,LOAN,EUR
DE_A20_LOAN_00019,DE_PARTY_00056,PROT_00053,A20,1000,483.95,2023-12,LOAN,EUR
DE_A20_LOAN_00020,DE_PARTY_00060,PROT_00447,A20,1000,2721.0,2023-12,LOAN,EUR
DE_A20_LOAN_00021,DE_PARTY_00130,PROT_00007,A20,1000,986.24,2023-12,LOAN,EUR
DE_A20_LOAN_00022,DE_PARTY_00155,PROT_00294,A20,1000,1176.01,2023-12,LOAN,EUR
DE_A20_LOAN_00023,DE_PARTY_00007,PROT_00146,A20,1000,480.35,2023-12,LOAN,EUR
DE_A20_LOAN_00024,DE_PARTY_00144,PROT_00241,A20,1000,814.63,2023-12,LOAN,EUR
DE_A20_LOAN_00025,DE_PARTY_00051,PROT_00246,A20,1000,1207.03,2023-12,LOAN,EUR
DE_A20_LOAN_00026,DE_PARTY_00184,PROT_00226,A20,1000,566.1,2023-12,LOAN,EUR
DE_A20_LOAN_00027,DE_PARTY_00167,PROT_00175,A20,1000,1414.86,2023-12,LOAN,EUR
DE_A20_LOAN_00028,DE_PARTY_00180,PROT_00095,A20,1000,787.59,2023-12,LOAN,EUR
DE_A20_LOAN_00029,DE_PARTY_00140,PROT_00495,A20,1000,947.99,2023-12,LOAN,EUR
DE_A20_LOAN_00030,DE_PARTY_00108,PROT_00027,A20,1000,787.09,2023-12,LOAN,EUR
DE_A20_LOAN_00031,DE_PARTY_00057,PROT_00130,A20,1000,3431.43,2023-12,LOAN,EUR
DE_A20_LOAN_00032,DE_PARTY_00115,PROT_00482,A20,1000,1120.2,2023-12,LOAN,EUR
DE_A20_LOAN_00033,DE_PARTY_00151,PROT_00442,A20,1000,598.69,2023-12,LOAN,EUR
DE_A20_LOAN_00034,DE_PARTY_00072,PROT_00245,A20,1000,1849.91,2023-12,LOAN,EUR
DE_A20_LOAN_00035,DE_PARTY_00002,PROT_00059,A20,1000,542.86,2023-12,LOAN,EUR
DE_A20_LOAN_00036,DE_PARTY_00195,PROT_00421,A20,1000,1280.09,2023-12,LOAN,EUR
DE_A20_LOAN_00037,DE_PARTY_00041,PROT_00034,A20,1000,348.47,2023-12,LOAN,EUR
DE_A20_LOAN_00038,DE_PARTY_00179,PROT_00206,A20,1000,509.0,2023-12,LOAN,EUR
DE_A20_LOAN_00039,DE_PARTY_00109,PROT_00252,A20,1000,1270.9,2023-12,LOAN,EUR
DE_A20_LOAN_00040,DE_PARTY_00088,PROT_00038,A20,1000,1758.9,2023-12,LOAN,EUR
DE_A20_LOAN_00041,DE_PARTY_00072,PROT_00296,A20,1000,1251.61,2023-12,LOAN,EUR
DE_A20_LOAN_00042,DE_PARTY_00040,PROT_00323,A20,1000,1053.61,2023-12,LOAN,EUR
DE_A20_LOAN_00043,DE_PARTY_00056,PROT_00352,A20,1000,942.66,2023-12,LOAN,EUR
DE_A20_LOAN_00044,DE_PARTY_00196,PROT_00028,A20,1000,465.1,2023-12,LOAN,EUR
DE_A20_LOAN_00045,DE_PARTY_00087,PROT_00078,A20,1000,733.23,2023-12,LOAN,EUR
DE_A20_LOAN_00046,DE_PARTY_00027,PROT_00077,A20,1000,856.61,2023-12,LOAN,EUR
DE_A20_LOAN_00047,DE_PARTY_00024,PROT_00416,A20,1000,2129.49,2023-12,LOAN,EUR
DE_A20_LOAN_00048,DE_PARTY_00098,PROT_00289,A20,1000,1387.88,2023-12,LOAN,EUR
DE_A20_LOAN_00049,DE_PARTY_00025,PROT_00486,A20,1000,392.11,2023-12,LOAN,EUR
DE_A20_LOAN_00050,DE_PARTY_00092,PROT_00156,A20,1000,1371.71,2023-12,LOAN,EUR
DE_A20_LOAN_00051,DE_PARTY_00089,PROT_00044,A20,1000,896.34,2023-12,LOAN,EUR
DE_A20_LOAN_00052,DE_PARTY_00155,PROT_00128,A20,1000,752.36,2023-12,LOAN,EUR
DE_A20_LOAN_00053,DE_PARTY_00068,PROT_00061,A20,1000,1630.06,2023-12,LOAN,EUR
DE_A20_LOAN_00054,DE_PARTY_00012,PROT_00286,A20,1000,2096.37,2023-12,LOAN,EUR
DE_A20_LOAN_00055,DE_PARTY_00187,PROT_00392,A20,1000,1974.62,2023-12,LOAN,EUR
DE_A20_LOAN_00056,DE_PARTY_00118,PROT_00214,A20,1000,682.55,2023-12,LOAN,EUR
DE_A20_LOAN_00057,DE_PARTY_00138,PROT_00311,A20,1000,938.08,2023-12,LOAN,EUR
DE_A20_LOAN_00058,DE_PARTY_00032,PROT_00306,A20,1000,1377.63,2023-12,LOAN,EUR
DE_A20_LOAN_00059,DE_PARTY_00097,PROT_00405,A20,1000,2027.77,2023-12,LOAN,EUR
DE_A20_LOAN_00060,DE_PARTY_00021,PROT_00317,A20,1000,847.14,2023-12,LOAN,EUR
DE_A20_LOAN_00061,DE_PARTY_00142,PROT_00116,A20,1000,1010.27,2023-12,LOAN,EUR
DE_A20_LOAN_00062,DE_PARTY_00076,PROT_00398,A20,1000,581.47,2023-12,LOAN,EUR
DE_A20_LOAN_00063,DE_PARTY_00161,PROT_00268,A20,1000,550.95,2023-12,LOAN,EUR
DE_A20_LOAN_00064,DE_PARTY_00159,PROT_00195,A20,1000,1838.82,2023-12,LOAN,EUR
DE_A20_LOAN_00065,DE_PARTY_00093,PROT_00231,A20,1000,2548.11,2023-12,LOAN,EUR
DE_A20_LOAN_00066,DE_PARTY_00148,PROT_00466,A20,1000,1081.56,2023-12,LOAN,EUR
DE_A20_LOAN_00067,DE_PARTY_00050,PROT_00227,A20,1000,2062.11,2023-12,LOAN,EUR
DE_A20_LOAN_00068,DE_PARTY_00181,PROT_00153,A20,1000,1402.97,2023-12,LOAN,EUR
DE_A20_LOAN_00069,DE_PARTY_00018,PROT_00441,A20,1000,766.85,2023-12,LOAN,EUR
DE_A20_LOAN_00070,DE_PARTY_00012,PROT_00302,A20,1000,1402.77,2023-12,LOAN,EUR
DE_A20_LOAN_00071,DE_PARTY_00170,PROT_00220,A20,1000,2841.78,2023-12,LOAN,EUR
DE_A20_LOAN_00072,DE_PARTY_00059,PROT_00157,A20,1000,1105.3,2023-12,LOAN,EUR
DE_A20_LOAN_00073,DE_PARTY_00198,PROT_00292,A20,1000,2887.51,2023-12,LOAN,EUR
DE_A20_LOAN_00074,DE_PARTY_00075,PROT_00318,A20,1000,234.51,2023-12,LOAN,EUR
DE_A20_LOAN_00075,DE_PARTY_00021,PROT_00031,A20,1000,1849.2,2023-12,LOAN,EUR
DE_A20_LOAN_00076,DE_PARTY_00060,PROT_00313,A20,1000,1189.86,2023-12,LOAN,EUR
DE_A20_LOAN_00077,DE_PARTY_00026,PROT_00492,A20,1000,943.84,2023-12,LOAN,EUR
DE_A20_LOAN_00078,DE_PARTY_00098,PROT_00379,A20,1000,1193.23,2023-12,LOAN,EUR
DE_A20_LOAN_00079,DE_PARTY_00072,PROT_00051,A20,1000,342.69,2023-12,LOAN,EUR
DE_A20_LOAN_00080,DE_PARTY_00117,PROT_00486,A20,1000,989.86,2023-12,LOAN,EUR
DE_A20_LOAN_00081,DE_PARTY_00163,PROT_00391,A20,1000,1399.17,2023-12,LOAN,EUR
DE_A20_LOAN_00082,DE_PARTY_00094,PROT_00107,A20,1000,2741.06,2023-12,LOAN,EUR
DE_A20_LOAN_00083,DE_PARTY_00042,PROT_00321,A20,1000,827.49,2023-12,LOAN,EUR
DE_A20_LOAN_00084,DE_PARTY_00095,PROT_00109,A20,1000,695.25,2023-12,LOAN,EUR
DE_A20_LOAN_00085,DE_PARTY_00091,PROT_00136,A20,1000,835.73,2023-12,LOAN,EUR
DE_A20_LOAN_00086,DE_PARTY_00054,PROT_00339,A20,1000,1955.9,2023-12,LOAN,EUR
DE_A20_LOAN_00087,DE_PARTY_00172,PROT_00042,A20,1000,1375.56,2023-12,LOAN,EUR
DE_A20_LOAN_00088,DE_PARTY_00069,PROT_00081,A20,1000,821.81,2023-12,LOAN,EUR
DE_A20_LOAN_00089,DE_PARTY_00180,PROT_00123,A20,1000,1536.6,2023-12,LOAN,EUR
DE_A20_LOAN_00090,DE_PARTY_00175,PROT_00089,A20,1000,1197.05,2023-12,LOAN,EUR
DE_A20_LOAN_00091,DE_PARTY_00166,PROT_00283,A20,1000,2019.39,2023-12,LOAN,EUR
DE_A20_LOAN_00092,DE_PARTY_00019,PROT_00039,A20,1000,741.1,2023-12,LOAN,EUR
DE_A20_LOAN_00093,DE_PARTY_00156,PROT_00081,A20,1000,927.75,2023-12,LOAN,EUR
DE_A20_LOAN_00094,DE_PARTY_00163,PROT_00002,A20,1000,892.57,2023-12,LOAN,EUR
DE_A20_LOAN_00095,DE_PARTY_00044,PROT_00210,A20,1000,469.31,2023-12,LOAN,EUR
DE_A20_LOAN_00096,DE_PARTY_00137,PROT_00231,A20,1000,1348.89,2023-12,LOAN,EUR
DE_A20_LOAN_00097,DE_PARTY_00187,PROT_00353,A20,1000,1320.81,2023-12,LOAN,EUR
DE_A20_LOAN_00098,DE_PARTY_00063,PROT_00305,A20,1000,1132.78,2023-12,LOAN,EUR
DE_A20_LOAN_00099,DE_PARTY_00042,PROT_00241,A20,1000,981.04,2023-12,LOAN,EUR
DE_A20_LOAN_00100,DE_PARTY_00119,PROT_00150,A20,1000,483.06,2023-12,LOAN,EUR
DE_A20_LOAN_00101,DE_PARTY_00098,PROT_00017,A20,1000,877.41,2023-12,LOAN,EUR
DE_A20_LOAN_00102,DE_PARTY_00070,PROT_00119,A20,1000,919.41,2023-12,LOAN,EUR
DE_A20_LOAN_00103,DE_PARTY_00164,PROT_00148,A20,1000,697.85,2023-12,LOAN,EUR
DE_A20_LOAN_00104,DE_PARTY_00177,PROT_00362,A20,1000,1025.15,2023-12,LOAN,EUR
DE_A20_LOAN_00105,DE_PARTY_00143,PROT_00145,A20,1000,1439.13,2023-12,LOAN,EUR
DE_A20_LOAN_00106,DE_PARTY_00057,PROT_00360,A20,1000,3501.95,2023-12,LOAN,EUR
DE_A20_LOAN_00107,DE_PARTY_00176,PROT_00441,A20,1000,1254.02,2023-12,LOAN,EUR
DE_A20_LOAN_00108,DE_PARTY_00084,PROT_00233,A20,1000,1318.03,2023-12,LOAN,EUR
DE_A20_LOAN_00109,DE_PARTY_00197,PROT_00037,A20,1000,1079.98,2023-12,LOAN,EUR
DE_A20_LOAN_00110,DE_PARTY_00199,PROT_00352,A20,1000,357.13,2023-12,LOAN,EUR
DE_A20_LOAN_00111,DE_PARTY_00015,PROT_00120,A20,1000,1111.49,2023-12,LOAN,EUR
DE_A20_LOAN_00112,DE_PARTY_00059,PROT_00474,A20,1000,1170.87,2023-12,LOAN,EUR
DE_A20_LOAN_00113,DE_PARTY_00009,PROT_00136,A20,1000,4950.83,2023-12,LOAN,EUR
DE_A20_LOAN_00114,DE_PARTY_00081,PROT_00404,A20,1000,1006.21,2023-12,LOAN,EUR
DE_A20_LOAN_00115,DE_PARTY_00103,PROT_00406,A20,1000,1353.29,2023-12,LOAN,EUR
DE_A20_LOAN_00116,DE_PARTY_00069,PROT_00321,A20,1000,1106.04,2023-12,LOAN,EUR
DE_A20_LOAN_00117,DE_PARTY_00017,PROT_00302,A20,1000,560.12,2023-12,LOAN,EUR
DE_A20_LOAN_00118,DE_PARTY_00055,PROT_00339,A20,1000,2241.85,2023-12,LOAN,EUR
DE_A20_LOAN_00119,DE_PARTY_00146,PROT_00412,A20,1000,1773.17,2023-12,LOAN,EUR
DE_A20_LOAN_00120,DE_PARTY_00184,PROT_00479,A20,1000,1815.26,2023-12,LOAN,EUR
DE_A20_LOAN_00121,DE_PARTY_00081,PROT_00102,A20,1000,654.41,2023-12,LOAN,EUR
DE_A20_LOAN_00122,DE_PARTY_00055,PROT_00218,A20,1000,2620.29,2023-12,LOAN,EUR
DE_A20_LOAN_00123,DE_PARTY_00168,PROT_00059,A20,1000,487.0,2023-12,LOAN,EUR
DE_A20_LOAN_00124,DE_PARTY_00128,PROT_00279,A20,1000,1605.96,2023-12,LOAN,EUR
DE_A20_LOAN_00125,DE_PARTY_00102,PROT_00116,A20,1000,4203.35,2023-12,LOAN,EUR
DE_A20_LOAN_00126,DE_PARTY_00165,PROT_00332,A20,1000,623.31,2023-12,LOAN,EUR
DE_A20_LOAN_00127,DE_PARTY_00118,PROT_00077,A20,1000,803.99,2023-12,LOAN,EUR
DE_A20_LOAN_00128,DE_PARTY_00037,PROT_00466,A20,1000,1198.9,2023-12,LOAN,EUR
DE_A20_LOAN_00129,DE_PARTY_00068,PROT_00137,A20,1000,834.87,2023-12,LOAN,EUR
DE_A20_LOAN_00130,DE_PARTY_00036,PROT_00424,A20,1000,445.4,2023-12,LOAN,EUR
DE_A20_LOAN_00131,DE_PARTY_00064,PROT_00073,A20,1000,1176.74,2023-12,LOAN,EUR
DE_A20_LOAN_00132,DE_PARTY_00191,PROT_00037,A20,1000,597.04,2023-12,LOAN,EUR
DE_A20_LOAN_00133,DE_PARTY_00144,PROT_00031,A20,1000,1500.45,2023-12,LOAN,EUR
DE_A20_LOAN_00134,DE_PARTY_00138,PROT_00085,A20,1000,650.48,2023-12,LOAN,EUR
DE_A20_LOAN_00135,DE_PARTY_00068,PROT_00406,A20,1000,2862.14,2023-12,LOAN,EUR
DE_A20_LOAN_00136,DE_PARTY_00192,PROT_00158,A20,1000,705.86,2023-12,LOAN,EUR
DE_A20_LOAN_00137,DE_PARTY_00150,PROT_00305,A20,1000,930.88,2023-12,LOAN,EUR
DE_A20_LOAN_00138,DE_PARTY_00110,PROT_00384,A20,1000,1839.92,2023-12,LOAN,EUR
DE_A20_LOAN_00139,DE_PARTY_00150,PROT_00423,A20,1000,539.61,2023-12,LOAN,EUR
DE_A20_LOAN_00140,DE_PARTY_00103,PROT_00292,A20,1000,1294.45,2023-12,LOAN,EUR
DE_A20_LOAN_00141,DE_PARTY_00093,PROT_00472,A20,1000,2474.15,2023-12,LOAN,EUR
DE_A20_LOAN_00142,DE_PARTY_00057,PROT_00148,A20,1000,430.47,2023-12,LOAN,EUR
DE_A20_LOAN_00143,DE_PARTY_00036,PROT_00225,A20,1000,1261.61,2023-12,LOAN,EUR
DE_A20_LOAN_00144,DE_PARTY_00131,PROT_00064,A20,1000,1319.88,2023-12,LOAN,EUR
DE_A20_LOAN_00145,DE_PARTY_00127,PROT_00240,A20,1000,1805.26,2023-12,LOAN,EUR
DE_A20_LOAN_00146,DE_PARTY_00024,PROT_00353,A20,1000,537.64,2023-12,LOAN,EUR
DE_A20_LOAN_00147,DE_PARTY_00194,PROT_00156,A20,1000,511.37,2023-12,LOAN,EUR
DE_A20_LOAN_00148,DE_PARTY_00013,PROT_00359,A20,1000,1544.61,2023-12,LOAN,EUR
DE_A20_LOAN_00149,DE_PARTY_00029,PROT_00207,A20,1000,1349.59,2023-12,LOAN,EUR
DE_A20_LOAN_00150,DE_PARTY_00040,PROT_00483,A20,1000,1312.46,2023-12,LOAN,EUR
DE_A20_LOAN_00151,DE_PARTY_00161,PROT_00140,A20,1000,1390.24,2023-12,LOAN,EUR
DE_A20_LOAN_00152,DE_PARTY_00041,PROT_00257,A20,1000,750.96,2023-12,LOAN,EUR
DE_A20_LOAN_00153,DE_PARTY_00175,PROT_00277,A20,1000,1298.18,2023-12,LOAN,EUR
DE_A20_LOAN_00154,DE_PARTY_00109,PROT_00253,A20,1000,1346.43,2023-12,LOAN,EUR
DE_A20_LOAN_00155,DE_PARTY_00153,PROT_00225,A20,1000,735.65,2023-12,LOAN,EUR
DE_A20_LOAN_00156,DE_PARTY_00017,PROT_00042,A20,1000,3459.33,2023-12,LOAN,EUR
DE_A20_LOAN_00157,DE_PARTY_00099,PROT_00307,A20,1000,1500.67,2023-12,LOAN,EUR
DE_A20_LOAN_00158,DE_PARTY_00098,PROT_00021,A20,1000,552.57,2023-12,LOAN,EUR
DE_A20_LOAN_00159,DE_PARTY_00153,PROT_00456,A20,1000,1674.55,2023-12,LOAN,EUR
DE_A20_LOAN_00160,DE_PARTY_00120,PROT_00222,A20,1000,629.27,2023-12,LOAN,EUR
DE_A20_LOAN_00161,DE_PARTY_00136,PROT_00377,A20,1000,1810.97,2023-12,LOAN,EUR
DE_A20_LOAN_00162,DE_PARTY_00065,PROT_00166,A20,1000,2263.17,2023-12,LOAN,EUR
DE_A20_LOAN_00163,DE_PARTY_00142,PROT_00310,A20,1000,690.18,2023-12,LOAN,EUR
DE_A20_LOAN_00164,DE_PARTY_00003,PROT_00129,A20,1000,2013.02,2023-12,LOAN,EUR
DE_A20_LOAN_00165,DE_PARTY_00175,PROT_00014,A20,1000,1446.69,2023-12,LOAN,EUR
DE_A20_LOAN_00166,DE_PARTY_00185,PROT_00047,A20,1000,1849.37,2023-12,LOAN,EUR
DE_A20_LOAN_00167,DE_PARTY_00030,PROT_00118,A20,1000,3524.31,2023-12,LOAN,EUR
DE_A20_LOAN_00168,DE_PARTY_00175,PROT_00493,A20,1000,974.7,2023-12,LOAN,EUR
DE_A20_LOAN_00169,DE_PARTY_00138,PROT_00346,A20,1000,718.47,2023-12,LOAN,EUR
DE_A20_LOAN_00170,DE_PARTY_00193,PROT_00429,A20,1000,662.26,2023-12,LOAN,EUR
DE_A20_LOAN_00171,DE_PARTY_00069,PROT_00441,A20,1000,692.2,2023-12,LOAN,EUR
DE_A20_LOAN_00172,DE_PARTY_00197,PROT_00295,A20,1000,1078.26,2023-12,LOAN,EUR
DE_A20_LOAN_00173,DE_PARTY_00165,PROT_00301,A20,1000,1385.83,2023-12,LOAN,EUR
DE_A20_LOAN_00174,DE_PARTY_00088,PROT_00487,A20,1000,1333.26,2023-12,LOAN,EUR
DE_A20_LOAN_00175,DE_PARTY_00029,PROT_00011,A20,1000,1855.06,2023-12,LOAN,EUR
DE_A20_LOAN_00176,DE_PARTY_00076,PROT_00392,A20,1000,1138.16,2023-12,LOAN,EUR
DE_A20_LOAN_00177,DE_PARTY_00112,PROT_00345,A20,1000,2701.29,2023-12,LOAN,EUR
DE_A20_LOAN_00178,DE_PARTY_00041,PROT_00421,A20,1000,963.5,2023-12,LOAN,EUR
DE_A20_LOAN_00179,DE_PARTY_00117,PROT_00138,A20,1000,5776.0,2023-12,LOAN,EUR
DE_A20_LOAN_00180,DE_PARTY_00001,PROT_00296,A20,1000,1643.8,2023-12,LOAN,EUR
DE_A20_LOAN_00181,DE_PARTY_00185,PROT_00021,A20,1000,675.24,2023-12,LOAN,EUR
DE_A20_LOAN_00182,DE_PARTY_00185,PROT_00391,A20,1000,593.97,2023-12,LOAN,EUR
DE_A20_LOAN_00183,DE_PARTY_00068,PROT_00388,A20,1000,1508.47,2023-12,LOAN,EUR
DE_A20_LOAN_00184,DE_PARTY_00129,PROT_00090,A20,1000,987.61,2023-12,LOAN,EUR
DE_A20_LOAN_00185,DE_PARTY_00196,PROT_00241,A20,1000,1733.27,2023-12,LOAN,EUR
DE_A20_LOAN_00186,DE_PARTY_00046,PROT_00266,A20,1000,1500.13,2023-12,LOAN,EUR
DE_A20_LOAN_00187,DE_PARTY_00130,PROT_00334,A20,1000,1081.03,2023-12,LOAN,EUR
DE_A20_LOAN_00188,DE_PARTY_00028,PROT_00227,A20,1000,679.45,2023-12,LOAN,EUR
DE_A20_LOAN_00189,DE_PARTY_00161,PROT_00470,A20,1000,455.07,2023-12,LOAN,EUR
DE_A20_LOAN_00190,DE_PARTY_00077,PROT_00143,A20,1000,863.9,2023-12,LOAN,EUR
DE_A20_LOAN_00191,DE_PARTY_00164,PROT_00093,A20,1000,1887.87,2023-12,LOAN,EUR
DE_A20_LOAN_00192,DE_PARTY_00130,PROT_00300,A20,1000,1284.11,2023-12,LOAN,EUR
DE_A20_LOAN_00193,DE_PARTY_00156,PROT_00224,A20,1000,534.82,2023-12,LOAN,EUR
DE_A20_LOAN_00194,DE_PARTY_00051,PROT_00326,A20,1000,1252.97,2023-12,LOAN,EUR
DE_A20_LOAN_00195,DE_PARTY_00040,PROT_00417,A20,1000,1423.05,2023-12,LOAN,EUR
DE_A20_LOAN_00196,DE_PARTY_00096,PROT_00252,A20,1000,664.51,2023-12,LOAN,EUR
DE_A20_LOAN_00197,DE_PARTY_00196,PROT_00497,A20,1000,1238.43,2023-12,LOAN,EUR
DE_A20_LOAN_00198,DE_PARTY_00042,PROT_00047,A20,1000,1169.45,2023-12,LOAN,EUR
DE_A20_LOAN_00199,DE_PARTY_00139,PROT_00241,A20,1000,568.83,2023-12,LOAN,EUR
DE_A20_LOAN_00200,DE_PARTY_00200,PROT_00179,A20,1000,1399.73,2023-12,LOAN,EUR
DE_A20_LOAN_00201,DE_PARTY_00136,PROT_00210,A20,1000,1581.04,2023-12,LOAN,EUR
DE_A20_LOAN_00202,DE_PARTY_00001,PROT_00171,A20,1000,2162.88,2023-12,LOAN,EUR
DE_A20_LOAN_00203,DE_PARTY_00154,PROT_00165,A20,1000,2125.25,2023-12,LOAN,EUR
DE_A20_LOAN_00204,DE_PARTY_00083,PROT_00344,A20,1000,494.11,2023-12,LOAN,EUR
DE_A20_LOAN_00205,DE_PARTY_00126,PROT_00054,A20,1000,643.34,2023-12,LOAN,EUR
DE_A20_LOAN_00206,DE_PARTY_00005,PROT_00440,A20,1000,1538.23,2023-12,LOAN,EUR
DE_A20_LOAN_00207,DE_PARTY_00029,PROT_00083,A20,1000,1537.07,2023-12,LOAN,EUR
DE_A20_LOAN_00208,DE_PARTY_00093,PROT_00169,A20,1000,1538.24,2023-12,LOAN,EUR
DE_A20_LOAN_00209,DE_PARTY_00079,PROT_00211,A20,1000,11395.84,2023-12,LOAN,EUR
DE_A20_LOAN_00210,DE_PARTY_00062,PROT_00356,A20,1000,1590.65,2023-12,LOAN,EUR
DE_A20_LOAN_00211,DE_PARTY_00015,PROT_00254,A20,1000,2232.11,2023-12,LOAN,EUR
DE_A20_LOAN_00212,DE_PARTY_00062,PROT_00148,A20,1000,2001.73,2023-12,LOAN,EUR
DE_A20_LOAN_00213,DE_PARTY_00146,PROT_00340,A20,1000,1669.37,2023-12,LOAN,EUR
DE_A20_LOAN_00214,DE_PARTY_00021,PROT_00484,A20,1000,934.68,2023-12,LOAN,EUR
DE_A20_LOAN_00215,DE_PARTY_00022,PROT_00206,A20,1000,1780.67,2023-12,LOAN,EUR
DE_A20_LOAN_00216,DE_PARTY_00188,PROT_00417,A20,1000,710.29,2023-12,LOAN,EUR
DE_A20_LOAN_00217,DE_PARTY_00125,PROT_00390,A20,1000,979.73,2023-12,LOAN,EUR
DE_A20_LOAN_00218,DE_PARTY_00018,PROT_00282,A20,1000,844.0,2023-12,LOAN,EUR
DE_A20_LOAN_00219,DE_PARTY_00195,PROT_00019,A20,1000,1186.18,2023-12,LOAN,EUR
DE_A20_LOAN_00220,DE_PARTY_00137,PROT_00233,A20,1000,4528.56,2023-12,LOAN,EUR
DE_A20_LOAN_00221,DE_PARTY_00197,PROT_00046,A20,1000,368.34,2023-12,LOAN,EUR
DE_A20_LOAN_00222,DE_PARTY_00033,PROT_00162,A20,1000,1704.66,2023-12,LOAN,EUR
DE_A20_LOAN_00223,DE_PARTY_00033,PROT_00130,A20,1000,429.12,2023-12,LOAN,EUR
DE_A20_LOAN_00224,DE_PARTY_00169,PROT_00166,A20,1000,850.82,2023-12,LOAN,EUR
DE_A20_LOAN_00225,DE_PARTY_00122,PROT_00060,A20,1000,2170.55,2023-12,LOAN,EUR
DE_A20_LOAN_00226,DE_PARTY_00141,PROT_00497,A20,1000,1173.72,2023-12,LOAN,EUR
DE_A20_LOAN_00227,DE_PARTY_00043,PROT_00396,A20,1000,591.53,2023-12,LOAN,EUR
DE_A20_LOAN_00228,DE_PARTY_00068,PROT_00207,A20,1000,735.23,2023-12,LOAN,EUR
DE_A20_LOAN_00229,DE_PARTY_00136,PROT_00443,A20,1000,1697.86,2023-12,LOAN,EUR
DE_A20_LOAN_00230,DE_PARTY_00156,PROT_00264,A20,1000,728.61,2023-12,LOAN,EUR
DE_A20_LOAN_00231,DE_PARTY_00109,PROT_00423,A20,1000,1285.93,2023-12,LOAN,EUR
DE_A20_LOAN_00232,DE_PARTY_00055,PROT_00001,A20,1000,1160.62,2023-12,LOAN,EUR
DE_A20_LOAN_00233,DE_PARTY_00139,PROT_00337,A20,1000,763.88,2023-12,LOAN,EUR
DE_A20_LOAN_00234,DE_PARTY_00194,PROT_00446,A20,1000,4087.67,2023-12,LOAN,EUR
DE_A20_LOAN_00235,DE_PARTY_00187,PROT_00278,A20,1000,1651.96,2023-12,LOAN,EUR
DE_A20_LOAN_00236,DE_PARTY_00177,PROT_00237,A20,1000,335.05,2023-12,LOAN,EUR
DE_A20_LOAN_00237,DE_PARTY_00052,PROT_00212,A20,1000,1262.99,2023-12,LOAN,EUR
DE_A20_LOAN_00238,DE_PARTY_00183,PROT_00028,A20,1000,759.22,2023-12,LOAN,EUR
DE_A20_LOAN_00239,DE_PARTY_00080,PROT_00097,A20,1000,1883.38,2023-12,LOAN,EUR
DE_A20_LOAN_00240,DE_PARTY_00103,PROT_00266,A20,1000,701.94,2023-12,LOAN,EUR
DE_A20_LOAN_00241,DE_PARTY_00172,PROT_00186,A20,1000,1054.18,2023-12,LOAN,EUR
DE_A20_LOAN_00242,DE_PARTY_00167,PROT_00319,A20,1000,1528.98,2023-12,LOAN,EUR
DE_A20_LOAN_00243,DE_PARTY_00096,PROT_00388,A20,1000,1898.5,2023-12,LOAN,EUR
DE_A20_LOAN_00244,DE_PARTY_00113,PROT_00256,A20,1000,549.6,2023-12,LOAN,EUR
DE_A20_LOAN_00245,DE_PARTY_00133,PROT_00321,A20,1000,923.96,2023-12,LOAN,EUR
DE_A20_LOAN_00246,DE_PARTY_00116,PROT_00227,A20,1000,849.29,2023-12,LOAN,EUR
DE_A20_LOAN_00247,DE_PARTY_00031,PROT_00390,A20,1000,763.08,2023-12,LOAN,EUR
DE_A20_LOAN_00248,DE_PARTY_00064,PROT_00027,A20,1000,3257.25,2023-12,LOAN,EUR
DE_A20_LOAN_00249,DE_PARTY_00058,PROT_00105,A20,1000,1439.94,2023-12,LOAN,EUR
DE_A20_LOAN_00250,DE_PARTY_00017,PROT_00137,A20,1000,529.98,2023-12,LOAN,EUR
DE_A20_LOAN_00251,DE_PARTY_00087,PROT_00282,A20,1000,1958.79,2023-12,LOAN,EUR
DE_A20_LOAN_00252,DE_PARTY_00006,PROT_00068,A20,1000,4034.58,2023-12,LOAN,EUR
DE_A20_LOAN_00253,DE_PARTY_00151,PROT_00475,A20,1000,2098.22,2023-12,LOAN,EUR
DE_A20_LOAN_00254,DE_PARTY_00142,PROT_00148,A20,1000,453.84,2023-12,LOAN,EUR
DE_A20_LOAN_00255,DE_PARTY_00059,PROT_00225,A20,1000,844.57,2023-12,LOAN,EUR
DE_A20_LOAN_00256,DE_PARTY_00151,PROT_00451,A20,1000,2415.14,2023-12,LOAN,EUR
DE_A20_LOAN_00257,DE_PARTY_00057,PROT_00358,A20,1000,738.6,2023-12,LOAN,EUR
DE_A20_LOAN_00258,DE_PARTY_00002,PROT_00249,A20,1000,1473.88,2023-12,LOAN,EUR
DE_A20_LOAN_00259,DE_PARTY_00019,PROT_00063,A20,1000,1797.49,2023-12,LOAN,EUR
DE_A20_LOAN_00260,DE_PARTY_00182,PROT_00015,A20,1000,647.56,2023-12,LOAN,EUR
DE_A20_LOAN_00261,DE_PARTY_00162,PROT_00499,A20,1000,1089.69,2023-12,LOAN,EUR
DE_A20_LOAN_00262,DE_PARTY_00016,PROT_00323,A20,1000,161.52,2023-12,LOAN,EUR
DE_A20_LOAN_00263,DE_PARTY_00059,PROT_00312,A20,1000,610.78,2023-12,LOAN,EUR
DE_A20_LOAN_00264,DE_PARTY_00018,PROT_00410,A20,1000,970.51,2023-12,LOAN,EUR
DE_A20_LOAN_00265,DE_PARTY_00009,PROT_00123,A20,1000,534.16,2023-12,LOAN,EUR
DE_A20_LOAN_00266,DE_PARTY_00085,PROT_00364,A20,1000,3007.34,2023-12,LOAN,EUR
DE_A20_LOAN_00267,DE_PARTY_00019,PROT_00082,A20,1000,478.8,2023-12,LOAN,EUR
DE_A20_LOAN_00268,DE_PARTY_00132,PROT_00160,A20,1000,867.26,2023-12,LOAN,EUR
DE_A20_LOAN_00269,DE_PARTY_00061,PROT_00283,A20,1000,1221.47,2023-12,LOAN,EUR
DE_A20_LOAN_00270,DE_PARTY_00072,PROT_00008,A20,1000,2681.49,2023-12,LOAN,EUR
DE_A20_LOAN_00271,DE_PARTY_00172,PROT_00283,A20,1000,477.16,2023-12,LOAN,EUR
DE_A20_LOAN_00272,DE_PARTY_00125,PROT_00209,A20,1000,2269.38,2023-12,LOAN,EUR
DE_A20_LOAN_00273,DE_PARTY_00055,PROT_00048,A20,1000,1136.27,2023-12,LOAN,EUR
DE_A20_LOAN_00274,DE_PARTY_00139,PROT_00116,A20,1000,626.69,2023-12,LOAN,EUR
DE_A20_LOAN_00275,DE_PARTY_00034,PROT_00431,A20,1000,1490.14,2023-12,LOAN,EUR
DE_A20_LOAN_00276,DE_PARTY_00186,PROT_00468,A20,1000,1272.58,2023-12,LOAN,EUR
DE_A20_LOAN_00277,DE_PARTY_00147,PROT_00059,A20,1000,787.79,2023-12,LOAN,EUR
DE_A20_LOAN_00278,DE_PARTY_00148,PROT_00237,A20,1000,1177.61,2023-12,LOAN,EUR
DE_A20_LOAN_00279,DE_PARTY_00122,PROT_00485,A20,1000,896.21,2023-12,LOAN,EUR
DE_A20_LOAN_00280,DE_PARTY_00063,PROT_00061,A20,1000,1208.91,2023-12,LOAN,EUR
DE_A20_LOAN_00281,DE_PARTY_00122,PROT_00332,A20,1000,1680.16,2023-12,LOAN,EUR
DE_A20_LOAN_00282,DE_PARTY_00105,PROT_00427,A20,1000,2924.78,2023-12,LOAN,EUR
DE_A20_LOAN_00283,DE_PARTY_00049,PROT_00079,A20,1000,537.36,2023-12,LOAN,EUR
DE_A20_LOAN_00284,DE_PARTY_00025,PROT_00256,A20,1000,4061.0,2023-12,LOAN,EUR
DE_A20_LOAN_00285,DE_PARTY_00025,PROT_00478,A20,1000,350.06,2023-12,LOAN,EUR
DE_A20_LOAN_00286,DE_PARTY_00169,PROT_00367,A20,1000,1031.01,2023-12,LOAN,EUR
DE_A20_LOAN_00287,DE_PARTY_00111,PROT_00150,A20,1000,1607.37,2023-12,LOAN,EUR
DE_A20_LOAN_00288,DE_PARTY_00091,PROT_00261,A20,1000,1336.7,2023-12,LOAN,EUR
DE_A20_LOAN_00289,DE_PARTY_00109,PROT_00362,A20,1000,777.24,2023-12,LOAN,EUR
DE_A20_LOAN_00290,DE_PARTY_00106,PROT_00140,A20,1000,996.74,2023-12,LOAN,EUR
DE_A20_LOAN_00291,DE_PARTY_00120,PROT_00213,A20,1000,840.14,2023-12,LOAN,EUR
DE_A20_LOAN_00292,DE_PARTY_00187,PROT_00428,A20,1000,792.94,2023-12,LOAN,EUR
DE_A20_LOAN_00293,DE_PARTY_00014,PROT_00248,A20,1000,1880.19,2023-12,LOAN,EUR
DE_A20_LOAN_00294,DE_PARTY_00173,PROT_00242,A20,1000,1399.09,2023-12,LOAN,EUR
DE_A20_LOAN_00295,DE_PARTY_00168,PROT_00125,A20,1000,745.17,2023-12,LOAN,EUR
DE_A20_LOAN_00296,DE_PARTY_00166,PROT_00234,A20,1000,1937.44,2023-12,LOAN,EUR
DE_A20_LOAN_00297,DE_PARTY_00026,PROT_00283,A20,1000,1357.97,2023-12,LOAN,EUR
DE_A20_LOAN_00298,DE_PARTY_00016,PROT_00075,A20,1000,1839.19,2023-12,LOAN,EUR
DE_A20_LOAN_00299,DE_PARTY_00104,PROT_00197,A20,1000,1647.71,2023-12,LOAN,EUR
DE_A20_LOAN_00300,DE_PARTY_00187,PROT_00098,A20,1000,686.75,2023-12,LOAN,EUR
DE_A20_LOAN_00301,DE_PARTY_00087,PROT_00472,A20,1000,806.95,2023-12,LOAN,EUR
DE_A20_LOAN_00302,DE_PARTY_00028,PROT_00307,A20,1000,1768.24,2023-12,LOAN,EUR
DE_A20_LOAN_00303,DE_PARTY_00064,PROT_00261,A20,1000,1628.78,2023-12,LOAN,EUR
DE_A20_LOAN_00304,DE_PARTY_00050,PROT_00383,A20,1000,1115.24,2023-12,LOAN,EUR
DE_A20_LOAN_00305,DE_PARTY_00049,PROT_00451,A20,1000,1211.68,2023-12,LOAN,EUR
DE_A20_LOAN_00306,DE_PARTY_00138,PROT_00070,A20,1000,2430.77,2023-12,LOAN,EUR
DE_A20_LOAN_00307,DE_PARTY_00115,PROT_00443,A20,1000,791.89,2023-12,LOAN,EUR
DE_A20_LOAN_00308,DE_PARTY_00036,PROT_00036,A20,1000,1568.11,2023-12,LOAN,EUR
DE_A20_LOAN_00309,DE_PARTY_00109,PROT_00142,A20,1000,1000.29,2023-12,LOAN,EUR
DE_A20_LOAN_00310,DE_PARTY_00047,PROT_00396,A20,1000,991.04,2023-12,LOAN,EUR
DE_A20_LOAN_00311,DE_PARTY_00072,PROT_00405,A20,1000,2183.38,2023-12,LOAN,EUR
DE_A20_LOAN_00312,DE_PARTY_00119,PROT_00438,A20,1000,1853.1,2023-12,LOAN,EUR
DE_A20_LOAN_00313,DE_PARTY_00064,PROT_00213,A20,1000,1839.91,2023-12,LOAN,EUR
DE_A20_LOAN_00314,DE_PARTY_00020,PROT_00175,A20,1000,2471.68,2023-12,LOAN,EUR
DE_A20_LOAN_00315,DE_PARTY_00114,PROT_00479,A20,1000,1143.64,2023-12,LOAN,EUR
DE_A20_LOAN_00316,DE_PARTY_00141,PROT_00404,A20,1000,1700.26,2023-12,LOAN,EUR
DE_A20_LOAN_00317,DE_PARTY_00026,PROT_00260,A20,1000,937.49,2023-12,LOAN,EUR
DE_A20_LOAN_00318,DE_PARTY_00013,PROT_00137,A20,1000,1371.78,2023-12,LOAN,EUR
DE_A20_LOAN_00319,DE_PARTY_00167,PROT_00421,A20,1000,1044.48,2023-12,LOAN,EUR
DE_A20_LOAN_00320,DE_PARTY_00139,PROT_00002,A20,1000,1196.99,2023-12,LOAN,EUR
DE_A20_LOAN_00321,DE_PARTY_00004,PROT_00145,A20,1000,1613.98,2023-12,LOAN,EUR
DE_A20_LOAN_00322,DE_PARTY_00024,PROT_00372,A20,1000,691.2,2023-12,LOAN,EUR
DE_A20_LOAN_00323,DE_PARTY_00193,PROT_00153,A20,1000,3963.16,2023-12,LOAN,EUR
DE_A20_LOAN_00324,DE_PARTY_00061,PROT_00429,A20,1000,617.55,2023-12,LOAN,EUR
DE_A20_LOAN_00325,DE_PARTY_00043,PROT_00301,A20,1000,545.04,2023-12,LOAN,EUR
DE_A20_LOAN_00326,DE_PARTY_00105,PROT_00297,A20,1000,2262.51,2023-12,LOAN,EUR
DE_A20_LOAN_00327,DE_PARTY_00125,PROT_00338,A20,1000,1815.95,2023-12,LOAN,EUR
DE_A20_LOAN_00328,DE_PARTY_00124,PROT_00251,A20,1000,1642.27,2023-12,LOAN,EUR
DE_A20_LOAN_00329,DE_PARTY_00055,PROT_00444,A20,1000,1646.44,2023-12,LOAN,EUR
DE_A20_LOAN_00330,DE_PARTY_00103,PROT_00077,A20,1000,1121.05,2023-12,LOAN,EUR
DE_A20_LOAN_00331,DE_PARTY_00016,PROT_00229,A20,1000,659.19,2023-12,LOAN,EUR
DE_A20_LOAN_00332,DE_PARTY_00043,PROT_00276,A20,1000,1181.86,2023-12,LOAN,EUR
DE_A20_LOAN_00333,DE_PARTY_00098,PROT_00248,A20,1000,752.25,2023-12,LOAN,EUR
DE_A20_LOAN_00334,DE_PARTY_00001,PROT_00177,A20,1000,2027.25,2023-12,LOAN,EUR
DE_A20_LOAN_00335,DE_PARTY_00100,PROT_00171,A20,1000,1033.94,2023-12,LOAN,EUR
DE_A20_LOAN_00336,DE_PARTY_00068,PROT_00283,A20,1000,688.19,2023-12,LOAN,EUR
DE_A20_LOAN_00337,DE_PARTY_00117,PROT_00391,A20,1000,931.26,2023-12,LOAN,EUR
DE_A20_LOAN_00338,DE_PARTY_00074,PROT_00279,A20,1000,1446.82,2023-12,LOAN,EUR
DE_A20_LOAN_00339,DE_PARTY_00109,PROT_00194,A20,1000,805.23,2023-12,LOAN,EUR
DE_A20_LOAN_00340,DE_PARTY_00179,PROT_00234,A20,1000,689.55,2023-12,LOAN,EUR
DE_A20_LOAN_00341,DE_PARTY_00188,PROT_00478,A20,1000,1307.11,2023-12,LOAN,EUR
DE_A20_LOAN_00342,DE_PARTY_00143,PROT_00165,A20,1000,1308.12,2023-12,LOAN,EUR
DE_A20_LOAN_00343,DE_PARTY_00170,PROT_00446,A20,1000,833.14,2023-12,LOAN,EUR
DE_A20_LOAN_00344,DE_PARTY_00184,PROT_00097,A20,1000,851.28,2023-12,LOAN,EUR
DE_A20_LOAN_00345,DE_PARTY_00125,PROT_00358,A20,1000,1298.02,2023-12,LOAN,EUR
DE_A20_LOAN_00346,DE_PARTY_00040,PROT_00123,A20,1000,473.67,2023-12,LOAN,EUR
DE_A20_LOAN_00347,DE_PARTY_00049,PROT_00293,A20,1000,485.36,2023-12,LOAN,EUR
DE_A20_LOAN_00348,DE_PARTY_00076,PROT_00197,A20,1000,733.85,2023-12,LOAN,EUR
DE_A20_LOAN_00349,DE_PARTY_00056,PROT_00120,A20,1000,993.56,2023-12,LOAN,EUR
DE_A20_LOAN_00350,DE_PARTY_00015,PROT_00439,A20,1000,1360.91,2023-12,LOAN,EUR
DE_A20_LOAN_00351,DE_PARTY_00149,PROT_00398,A20,1000,2736.89,2023-12,LOAN,EUR
DE_A20_LOAN_00352,DE_PARTY_00189,PROT_00211,A20,1000,1889.3,2023-12,LOAN,EUR
DE_A20_LOAN_00353,DE_PARTY_00139,PROT_00023,A20,1000,1025.98,2023-12,LOAN,EUR
DE_A20_LOAN_00354,DE_PARTY_00016,PROT_00163,A20,1000,1116.5,2023-12,LOAN,EUR
DE_A20_LOAN_00355,DE_PARTY_00192,PROT_00382,A20,1000,618.84,2023-12,LOAN,EUR
DE_A20_LOAN_00356,DE_PARTY_00081,PROT_00243,A20,1000,1116.84,2023-12,LOAN,EUR
DE_A20_LOAN_00357,DE_PARTY_00015,PROT_00362,A20,1000,949.72,2023-12,LOAN,EUR
DE_A20_LOAN_00358,DE_PARTY_00013,PROT_00468,A20,1000,1370.59,2023-12,LOAN,EUR
DE_A20_LOAN_00359,DE_PARTY_00150,PROT_00416,A20,1000,687.48,2023-12,LOAN,EUR
DE_A20_LOAN_00360,DE_PARTY_00123,PROT_00196,A20,1000,1542.21,2023-12,LOAN,EUR
DE_A20_LOAN_00361,DE_PARTY_00129,PROT_00198,A20,1000,2832.76,2023-12,LOAN,EUR
DE_A20_LOAN_00362,DE_PARTY_00136,PROT_00340,A20,1000,1057.97,2023-12,LOAN,EUR
DE_A20_LOAN_00363,DE_PARTY_00041,PROT_00406,A20,1000,1437.11,2023-12,LOAN,EUR
DE_A20_LOAN_00364,DE_PARTY_00015,PROT_00421,A20,1000,1708.64,2023-12,LOAN,EUR
DE_A20_LOAN_00365,DE_PARTY_00131,PROT_00334,A20,1000,887.7,2023-12,LOAN,EUR
DE_A20_LOAN_00366,DE_PARTY_00021,PROT_00078,A20,1000,1291.84,2023-12,LOAN,EUR
DE_A20_LOAN_00367,DE_PARTY_00048,PROT_00254,A20,1000,1137.88,2023-12,LOAN,EUR
DE_A20_LOAN_00368,DE_PARTY_00018,PROT_00494,A20,1000,1197.47,2023-12,LOAN,EUR
DE_A20_LOAN_00369,DE_PARTY_00153,PROT_00019,A20,1000,710.21,2023-12,LOAN,EUR
DE_A20_LOAN_00370,DE_PARTY_00018,PROT_00065,A20,1000,1146.04,2023-12,LOAN,EUR
DE_A20_LOAN_00371,DE_PARTY_00173,PROT_00258,A20,1000,1522.58,2023-12,LOAN,EUR
DE_A20_LOAN_00372,DE_PARTY_00061,PROT_00495,A20,1000,2697.42,2023-12,LOAN,EUR
DE_A20_LOAN_00373,DE_PARTY_00104,PROT_00303,A20,1000,2008.07,2023-12,LOAN,EUR
DE_A20_LOAN_00374,DE_PARTY_00031,PROT_00170,A20,1000,4110.39,2023-12,LOAN,EUR
DE_A20_LOAN_00375,DE_PARTY_00146,PROT_00446,A20,1000,712.63,2023-12,LOAN,EUR
DE_A20_LOAN_00376,DE_PARTY_00064,PROT_00052,A20,1000,1905.99,2023-12,LOAN,EUR
DE_A20_LOAN_00377,DE_PARTY_00149,PROT_00448,A20,1000,1260.63,2023-12,LOAN,EUR
DE_A20_LOAN_00378,DE_PARTY_00153,PROT_00433,A20,1000,4201.71,2023-12,LOAN,EUR
DE_A20_LOAN_00379,DE_PARTY_00011,PROT_00226,A20,1000,695.33,2023-12,LOAN,EUR
DE_A20_LOAN_00380,DE_PARTY_00159,PROT_00052,A20,1000,682.34,2023-12,LOAN,EUR
DE_A20_LOAN_00381,DE_PARTY_00021,PROT_00270,A20,1000,788.18,2023-12,LOAN,EUR
DE_A20_LOAN_00382,DE_PARTY_00108,PROT_00467,A20,1000,315.77,2023-12,LOAN,EUR
DE_A20_LOAN_00383,DE_PARTY_00169,PROT_00234,A20,1000,823.79,2023-12,LOAN,EUR
DE_A20_LOAN_00384,DE_PARTY_00150,PROT_00008,A20,1000,716.15,2023-12,LOAN,EUR
DE_A20_LOAN_00385,DE_PARTY_00145,PROT_00370,A20,1000,1235.96,2023-12,LOAN,EUR
DE_A20_LOAN_00386,DE_PARTY_00134,PROT_00074,A20,1000,1386.33,2023-12,LOAN,EUR
DE_A20_LOAN_00387,DE_PARTY_00081,PROT_00210,A20,1000,3480.97,2023-12,LOAN,EUR
DE_A20_LOAN_00388,DE_PARTY_00067,PROT_00446,A20,1000,1997.43,2023-12,LOAN,EUR
DE_A20_LOAN_00389,DE_PARTY_00053,PROT_00336,A20,1000,798.89,2023-12,LOAN,EUR
DE_A20_LOAN_00390,DE_PARTY_00172,PROT_00497,A20,1000,658.73,2023-12,LOAN,EUR
DE_A20_LOAN_00391,DE_PARTY_00184,PROT_00080,A20,1000,1517.04,2023-12,LOAN,EUR
DE_A20_LOAN_00392,DE_PARTY_00081,PROT_00039,A20,1000,511.44,2023-12,LOAN,EUR
DE_A20_LOAN_00393,DE_PARTY_00062,PROT_00241,A20,1000,3388.83,2023-12,LOAN,EUR
DE_A20_LOAN_00394,DE_PARTY_00068,PROT_00401,A20,1000,2291.65,2023-12,LOAN,EUR
DE_A20_LOAN_00395,DE_PARTY_00102,PROT_00497,A20,1000,852.23,2023-12,LOAN,EUR
DE_A20_LOAN_00396,DE_PARTY_00034,PROT_00136,A20,1000,404.03,2023-12,LOAN,EUR
DE_A20_LOAN_00397,DE_PARTY_00172,PROT_00174,A20,1000,2544.5,2023-12,LOAN,EUR
DE_A20_LOAN_00398,DE_PARTY_00166,PROT_00320,A20,1000,1054.31,2023-12,LOAN,EUR
DE_A20_LOAN_00399,DE_PARTY_00077,PROT_00355,A20,1000,2373.34,2023-12,LOAN,EUR
DE_A20_LOAN_00400,DE_PARTY_00118,PROT_00204,A20,1000,433.85,2023-12,LOAN,EUR
DE_A20_LOAN_00401,DE_PARTY_00081,PROT_00333,A20,1000,788.19,2023-12,LOAN,EUR
DE_A20_LOAN_00402,DE_PARTY_00193,PROT_00042,A20,1000,1132.87,2023-12,LOAN,EUR
DE_A20_LOAN_00403,DE_PARTY_00019,PROT_00437,A20,1000,1161.6,2023-12,LOAN,EUR
DE_A20_LOAN_00404,DE_PARTY_00003,PROT_00169,A20,1000,862.06,2023-12,LOAN,EUR
DE_A20_LOAN_00405,DE_PARTY_00118,PROT_00437,A20,1000,1641.02,2023-12,LOAN,EUR
DE_A20_LOAN_00406,DE_PARTY_00160,PROT_00346,A20,1000,595.14,2023-12,LOAN,EUR
DE_A20_LOAN_00407,DE_PARTY_00145,PROT_00440,A20,1000,1036.84,2023-12,LOAN,EUR
DE_A20_LOAN_00408,DE_PARTY_00026,PROT_00274,A20,1000,1213.84,2023-12,LOAN,EUR
DE_A20_LOAN_00409,DE_PARTY_00019,PROT_00195,A20,1000,1537.68,2023-12,LOAN,EUR
DE_A20_LOAN_00410,DE_PARTY_00138,PROT_00489,A20,1000,1730.79,2023-12,LOAN,EUR
DE_A20_LOAN_00411,DE_PARTY_00055,PROT_00163,A20,1000,575.12,2023-12,LOAN,EUR
DE_A20_LOAN_00412,DE_PARTY_00130,PROT_00321,A20,1000,449.84,2023-12,LOAN,EUR
DE_A20_LOAN_00413,DE_PARTY_00068,PROT_00368,A20,1000,2430.79,2023-12,LOAN,EUR
DE_A20_LOAN_00414,DE_PARTY_00034,PROT_00455,A20,1000,1378.5,2023-12,LOAN,EUR
DE_A20_LOAN_00415,DE_PARTY_00090,PROT_00389,A20,1000,720.74,2023-12,LOAN,EUR
DE_A20_LOAN_00416,DE_PARTY_00018,PROT_00250,A20,1000,2864.23,2023-12,LOAN,EUR
DE_A20_LOAN_00417,DE_PARTY_00063,PROT_00447,A20,1000,1210.48,2023-12,LOAN,EUR
DE_A20_LOAN_00418,DE_PARTY_00095,PROT_00278,A20,1000,2291.46,2023-12,LOAN,EUR
DE_A20_LOAN_00419,DE_PARTY_00073,PROT_00019,A20,1000,1176.0,2023-12,LOAN,EUR
DE_A20_LOAN_00420,DE_PARTY_00041,PROT_00317,A20,1000,3888.64,2023-12,LOAN,EUR
DE_A20_LOAN_00421,DE_PARTY_00113,PROT_00036,A20,1000,3237.54,2023-12,LOAN,EUR
DE_A20_LOAN_00422,DE_PARTY_00140,PROT_00121,A20,1000,972.61,2023-12,LOAN,EUR
DE_A20_LOAN_00423,DE_PARTY_00181,PROT_00324,A20,1000,2022.94,2023-12,LOAN,EUR
DE_A20_LOAN_00424,DE_PARTY_00078,PROT_00351,A20,1000,1663.35,2023-12,LOAN,EUR
DE_A20_LOAN_00425,DE_PARTY_00157,PROT_00472,A20,1000,2567.13,2023-12,LOAN,EUR
DE_A20_LOAN_00426,DE_PARTY_00168,PROT_00148,A20,1000,632.96,2023-12,LOAN,EUR
DE_A20_LOAN_00427,DE_PARTY_00136,PROT_00117,A20,1000,1704.45,2023-12,LOAN,EUR
DE_A20_LOAN_00428,DE_PARTY_00003,PROT_00383,A20,1000,2131.16,2023-12,LOAN,EUR
DE_A20_LOAN_00429,DE_PARTY_00171,PROT_00047,A20,1000,393.12,2023-12,LOAN,EUR
DE_A20_LOAN_00430,DE_PARTY_00142,PROT_00223,A20,1000,555.25,2023-12,LOAN,EUR
DE_A20_LOAN_00431,DE_PARTY_00077,PROT_00051,A20,1000,332.23,2023-12,LOAN,EUR
DE_A20_LOAN_00432,DE_PARTY_00170,PROT_00390,A20,1000,960.76,2023-12,LOAN,EUR
DE_A20_LOAN_00433,DE_PARTY_00027,PROT_00325,A20,1000,1736.96,2023-12,LOAN,EUR
DE_A20_LOAN_00434,DE_PARTY_00035,PROT_00361,A20,1000,2781.59,2023-12,LOAN,EUR
DE_A20_LOAN_00435,DE_PARTY_00068,PROT_00447,A20,1000,1180.65,2023-12,LOAN,EUR
DE_A20_LOAN_00436,DE_PARTY_00030,PROT_00052,A20,1000,3000.5,2023-12,LOAN,EUR
DE_A20_LOAN_00437,DE_PARTY_00028,PROT_00228,A20,1000,493.39,2023-12,LOAN,EUR
DE_A20_LOAN_00438,DE_PARTY_00191,PROT_00086,A20,1000,406.4,2023-12,LOAN,EUR
DE_A20_LOAN_00439,DE_PARTY_00142,PROT_00356,A20,1000,1092.29,2023-12,LOAN,EUR
DE_A20_LOAN_00440,DE_PARTY_00040,PROT_00154,A20,1000,1421.98,2023-12,LOAN,EUR
DE_A20_LOAN_00441,DE_PARTY_00070,PROT_00463,A20,1000,1107.38,2023-12,LOAN,EUR
DE_A20_LOAN_00442,DE_PARTY_00073,PROT_00015,A20,1000,326.65,2023-12,LOAN,EUR
DE_A20_LOAN_00443,DE_PARTY_00155,PROT_00024,A20,1000,1070.51,2023-12,LOAN,EUR
DE_A20_LOAN_00444,DE_PARTY_00054,PROT_00167,A20,1000,516.3,2023-12,LOAN,EUR
DE_A20_LOAN_00445,DE_PARTY_00184,PROT_00408,A20,1000,1687.78,2023-12,LOAN,EUR
DE_A20_LOAN_00446,DE_PARTY_00088,PROT_00029,A20,1000,1407.15,2023-12,LOAN,EUR
DE_A20_LOAN_00447,DE_PARTY_00053,PROT_00151,A20,1000,642.55,2023-12,LOAN,EUR
DE_A20_LOAN_00448,DE_PARTY_00176,PROT_00184,A20,1000,829.68,2023-12,LOAN,EUR
DE_A20_LOAN_00449,DE_PARTY_00163,PROT_00192,A20,1000,598.15,2023-12,LOAN,EUR
DE_A20_LOAN_00450,DE_PARTY_00068,PROT_00221,A20,1000,1087.63,2023-12,LOAN,EUR
DE_A20_LOAN_00451,DE_PARTY_00130,PROT_00075,A20,1000,2003.1,2023-12,LOAN,EUR
DE_A20_LOAN_00452,DE_PARTY_00126,PROT_00126,A20,1000,625.11,2023-12,LOAN,EUR
DE_A20_LOAN_00453,DE_PARTY_00065,PROT_00272,A20,1000,1528.12,2023-12,LOAN,EUR
DE_A20_LOAN_00454,DE_PARTY_00014,PROT_00211,A20,1000,821.56,2023-12,LOAN,EUR
DE_A20_LOAN_00455,DE_PARTY_00024,PROT_00290,A20,1000,701.79,2023-12,LOAN,EUR
DE_A20_LOAN_00456,DE_PARTY_00163,PROT_00350,A20,1000,1059.07,2023-12,LOAN,EUR
DE_A20_LOAN_00457,DE_PARTY_00109,PROT_00406,A20,1000,606.81,2023-12,LOAN,EUR
DE_A20_LOAN_00458,DE_PARTY_00071,PROT_00093,A20,1000,810.11,2023-12,LOAN,EUR
DE_A20_LOAN_00459,DE_PARTY_00012,PROT_00088,A20,1000,550.4,2023-12,LOAN,EUR
DE_A20_LOAN_00460,DE_PARTY_00001,PROT_00090,A20,1000,3670.93,2023-12,LOAN,EUR
DE_A20_LOAN_00461,DE_PARTY_00086,PROT_00041,A20,1000,1153.46,2023-12,LOAN,EUR
DE_A20_LOAN_00462,DE_PARTY_00198,PROT_00313,A20,1000,742.13,2023-12,LOAN,EUR
DE_A20_LOAN_00463,DE_PARTY_00034,PROT_00446,A20,1000,1284.02,2023-12,LOAN,EUR
DE_A20_LOAN_00464,DE_PARTY_00164,PROT_00196,A20,1000,1055.71,2023-12,LOAN,EUR
DE_A20_LOAN_00465,DE_PARTY_00068,PROT_00318,A20,1000,989.09,2023-12,LOAN,EUR
DE_A20_LOAN_00466,DE_PARTY_00042,PROT_00350,A20,1000,1632.49,2023-12,LOAN,EUR
DE_A20_LOAN_00467,DE_PARTY_00190,PROT_00124,A20,1000,1779.11,2023-12,LOAN,EUR
DE_A20_LOAN_00468,DE_PARTY_00114,PROT_00255,A20,1000,821.44,2023-12,LOAN,EUR
DE_A20_LOAN_00469,DE_PARTY_00142,PROT_00468,A20,1000,799.41,2023-12,LOAN,EUR
DE_A20_LOAN_00470,DE_PARTY_00181,PROT_00299,A20,1000,957.51,2023-12,LOAN,EUR
DE_A20_LOAN_00471,DE_PARTY_00110,PROT_00074,A20,1000,283.78,2023-12,LOAN,EUR
DE_A20_LOAN_00472,DE_PARTY_00144,PROT_00119,A20,1000,454.98,2023-12,LOAN,EUR
DE_A20_LOAN_00473,DE_PARTY_00003,PROT_00237,A20,1000,2564.42,2023-12,LOAN,EUR
DE_A20_LOAN_00474,DE_PARTY_00029,PROT_00327,A20,1000,3030.08,2023-12,LOAN,EUR
DE_A20_LOAN_00475,DE_PARTY_00020,PROT_00131,A20,1000,972.57,2023-12,LOAN,EUR
DE_A20_LOAN_00476,DE_PARTY_00177,PROT_00236,A20,1000,1596.07,2023-12,LOAN,EUR
DE_A20_LOAN_00477,DE_PARTY_00039,PROT_00131,A20,1000,1361.19,2023-12,LOAN,EUR
DE_A20_LOAN_00478,DE_PARTY_00140,PROT_00342,A20,1000,7163.07,2023-12,LOAN,EUR
DE_A20_LOAN_00479,DE_PARTY_00010,PROT_00005,A20,1000,2210.8,2023-12,LOAN,EUR
DE_A20_LOAN_00480,DE_PARTY_00095,PROT_00461,A20,1000,1045.88,2023-12,LOAN,EUR
DE_A20_LOAN_00481,DE_PARTY_00150,PROT_00412,A20,1000,636.54,2023-12,LOAN,EUR
DE_A20_LOAN_00482,DE_PARTY_00142,PROT_00239,A20,1000,430.74,2023-12,LOAN,EUR
DE_A20_LOAN_00483,DE_PARTY_00038,PROT_00462,A20,1000,1275.95,2023-12,LOAN,EUR
DE_A20_LOAN_00484,DE_PARTY_00111,PROT_00148,A20,1000,717.34,2023-12,LOAN,EUR
DE_A20_LOAN_00485,DE_PARTY_00033,PROT_00347,A20,1000,481.07,2023-12,LOAN,EUR
DE_A20_LOAN_00486,DE_PARTY_00011,PROT_00280,A20,1000,766.18,2023-12,LOAN,EUR
DE_A20_LOAN_00487,DE_PARTY_00079,PROT_00081,A20,1000,590.18,2023-12,LOAN,EUR
DE_A20_LOAN_00488,DE_PARTY_00094,PROT_00038,A20,1000,3107.74,2023-12,LOAN,EUR
DE_A20_LOAN_00489,DE_PARTY_00011,PROT_00227,A20,1000,1916.68,2023-12,LOAN,EUR
DE_A20_LOAN_00490,DE_PARTY_00092,PROT_00484,A20,1000,1123.92,2023-12,LOAN,EUR
DE_A20_LOAN_00491,DE_PARTY_00054,PROT_00177,A20,1000,2744.44,2023-12,LOAN,EUR
DE_A20_LOAN_00492,DE_PARTY_00175,PROT_00301,A20,1000,1182.97,2023-12,LOAN,EUR
DE_A20_LOAN_00493,DE_PARTY_00064,PROT_00154,A20,1000,673.57,2023-12,LOAN,EUR
DE_A20_LOAN_00494,DE_PARTY_00171,PROT_00328,A20,1000,2816.47,2023-12,LOAN,EUR
DE_A20_LOAN_00495,DE_PARTY_00027,PROT_00493,A20,1000,1560.42,2023-12,LOAN,EUR
DE_A20_LOAN_00496,DE_PARTY_00091,PROT_00218,A20,1000,606.08,2023-12,LOAN,EUR
DE_A20_LOAN_00497,DE_PARTY_00200,PROT_00354,A20,1000,1007.43,2023-12,LOAN,EUR
DE_A20_LOAN_00498,DE_PARTY_00144,PROT_00129,A20,1000,667.8,2023-12,LOAN,EUR
DE_A20_LOAN_00499,DE_PARTY_00105,PROT_00234,A20,1000,492.59,2023-12,LOAN,EUR
DE_A20_LOAN_00500,DE_PARTY_00159,PROT_00433,A20,1000,1968.59,2023-12,LOAN,EUR
DE_A20_LOAN_00501,DE_PARTY_00192,PROT_00155,A20,1000,3551.11,2023-12,LOAN,EUR
DE_A20_LOAN_00502,DE_PARTY_00040,PROT_00102,A20,1000,487.96,2023-12,LOAN,EUR
DE_A20_LOAN_00503,DE_PARTY_00061,PROT_00197,A20,1000,1583.11,2023-12,LOAN,EUR
DE_A20_LOAN_00504,DE_PARTY_00042,PROT_00437,A20,1000,764.31,2023-12,LOAN,EUR
DE_A20_LOAN_00505,DE_PARTY_00046,PROT_00248,A20,1000,843.1,2023-12,LOAN,EUR
DE_A20_LOAN_00506,DE_PARTY_00106,PROT_00055,A20,1000,791.5,2023-12,LOAN,EUR
DE_A20_LOAN_00507,DE_PARTY_00007,PROT_00122,A20,1000,672.48,2023-12,LOAN,EUR
DE_A20_LOAN_00508,DE_PARTY_00046,PROT_00196,A20,1000,1162.67,2023-12,LOAN,EUR
DE_A20_LOAN_00509,DE_PARTY_00189,PROT_00293,A20,1000,685.94,2023-12,LOAN,EUR
DE_A20_LOAN_00510,DE_PARTY_00086,PROT_00184,A20,1000,1328.28,2023-12,LOAN,EUR
DE_A20_LOAN_00511,DE_PARTY_00106,PROT_00295,A20,1000,1095.78,2023-12,LOAN,EUR
DE_A20_LOAN_00512,DE_PARTY_00172,PROT_00152,A20,1000,978.48,2023-12,LOAN,EUR
DE_A20_LOAN_00513,DE_PARTY_00189,PROT_00359,A20,1000,655.13,2023-12,LOAN,EUR
DE_A20_LOAN_00514,DE_PARTY_00064,PROT_00152,A20,1000,798.95,2023-12,LOAN,EUR
DE_A20_LOAN_00515,DE_PARTY_00069,PROT_00012,A20,1000,1776.85,2023-12,LOAN,EUR
DE_A20_LOAN_00516,DE_PARTY_00041,PROT_00425,A20,1000,1525.25,2023-12,LOAN,EUR
DE_A20_LOAN_00517,DE_PARTY_00180,PROT_00338,A20,1000,628.18,2023-12,LOAN,EUR
DE_A20_LOAN_00518,DE_PARTY_00028,PROT_00203,A20,1000,1198.67,2023-12,LOAN,EUR
DE_A20_LOAN_00519,DE_PARTY_00098,PROT_00141,A20,1000,1772.59,2023-12,LOAN,EUR
DE_A20_LOAN_00520,DE_PARTY_00010,PROT_00005,A20,1000,414.77,2023-12,LOAN,EUR
DE_A20_LOAN_00521,DE_PARTY_00121,PROT_00290,A20,1000,1564.59,2023-12,LOAN,EUR
DE_A20_LOAN_00522,DE_PARTY_00057,PROT_00443,A20,1000,758.84,2023-12,LOAN,EUR
DE_A20_LOAN_00523,DE_PARTY_00052,PROT_00352,A20,1000,1590.37,2023-12,LOAN,EUR
DE_A20_LOAN_00524,DE_PARTY_00118,PROT_00399,A20,1000,714.38,2023-12,LOAN,EUR
DE_A20_LOAN_00525,DE_PARTY_00090,PROT_00382,A20,1000,382.39,2023-12,LOAN,EUR
DE_A20_LOAN_00526,DE_PARTY_00079,PROT_00499,A20,1000,425.32,2023-12,LOAN,EUR
DE_A20_LOAN_00527,DE_PARTY_00059,PROT_00026,A20,1000,1162.37,2023-12,LOAN,EUR
DE_A20_LOAN_00528,DE_PARTY_00058,PROT_00467,A20,1000,1319.75,2023-12,LOAN,EUR
DE_A20_LOAN_00529,DE_PARTY_00007,PROT_00311,A20,1000,656.4,2023-12,LOAN,EUR
DE_A20_LOAN_00530,DE_PARTY_00169,PROT_00382,A20,1000,1656.6,2023-12,LOAN,EUR
DE_A20_LOAN_00531,DE_PARTY_00050,PROT_00255,A20,1000,416.74,2023-12,LOAN,EUR
DE_A20_LOAN_00532,DE_PARTY_00103,PROT_00427,A20,1000,1085.41,2023-12,LOAN,EUR
DE_A20_LOAN_00533,DE_PARTY_00085,PROT_00463,A20,1000,546.07,2023-12,LOAN,EUR
DE_A20_LOAN_00534,DE_PARTY_00072,PROT_00463,A20,1000,763.77,2023-12,LOAN,EUR
DE_A20_LOAN_00535,DE_PARTY_00018,PROT_00147,A20,1000,1161.89,2023-12,LOAN,EUR
DE_A20_LOAN_00536,DE_PARTY_00198,PROT_00398,A20,1000,673.92,2023-12,LOAN,EUR
DE_A20_LOAN_00537,DE_PARTY_00072,PROT_00410,A20,1000,896.62,2023-12,LOAN,EUR
DE_A20_LOAN_00538,DE_PARTY_00090,PROT_00118,A20,1000,2065.53,2023-12,LOAN,EUR
DE_A20_LOAN_00539,DE_PARTY_00165,PROT_00311,A20,1000,798.9,2023-12,LOAN,EUR
DE_A20_LOAN_00540,DE_PARTY_00131,PROT_00411,A20,1000,1864.56,2023-12,LOAN,EUR
DE_A20_LOAN_00541,DE_PARTY_00103,PROT_00181,A20,1000,573.38,2023-12,LOAN,EUR
DE_A20_LOAN_00542,DE_PARTY_00174,PROT_00113,A20,1000,1551.92,2023-12,LOAN,EUR
DE_A20_LOAN_00543,DE_PARTY_00138,PROT_00326,A20,1000,2681.97,2023-12,LOAN,EUR
DE_A20_LOAN_00544,DE_PARTY_00085,PROT_00098,A20,1000,256.31,2023-12,LOAN,EUR
DE_A20_LOAN_00545,DE_PARTY_00008,PROT_00318,A20,1000,700.1,2023-12,LOAN,EUR
DE_A20_LOAN_00546,DE_PARTY_00030,PROT_00129,A20,1000,1596.56,2023-12,LOAN,EUR
DE_A20_LOAN_00547,DE_PARTY_00067,PROT_00348,A20,1000,999.78,2023-12,LOAN,EUR
DE_A20_LOAN_00548,DE_PARTY_00046,PROT_00387,A20,1000,1411.0,2023-12,LOAN,EUR
DE_A20_LOAN_00549,DE_PARTY_00149,PROT_00370,A20,1000,786.01,2023-12,LOAN,EUR
DE_A20_LOAN_00550,DE_PARTY_00068,PROT_00393,A20,1000,1189.54,2023-12,LOAN,EUR
DE_A20_LOAN_00551,DE_PARTY_00010,PROT_00338,A20,1000,1028.6,2023-12,LOAN,EUR
DE_A20_LOAN_00552,DE_PARTY_00028,PROT_00349,A20,1000,2275.68,2023-12,LOAN,EUR
DE_A20_LOAN_00553,DE_PARTY_00153,PROT_00430,A20,1000,1315.56,2023-12,LOAN,EUR
DE_A20_LOAN_00554,DE_PARTY_00112,PROT_00071,A20,1000,1382.88,2023-12,LOAN,EUR
DE_A20_LOAN_00555,DE_PARTY_00089,PROT_00322,A20,1000,882.04,2023-12,LOAN,EUR
DE_A20_LOAN_00556,DE_PARTY_00187,PROT_00050,A20,1000,842.86,2023-12,LOAN,EUR
DE_A20_LOAN_00557,DE_PARTY_00081,PROT_00463,A20,1000,871.16,2023-12,LOAN,EUR
DE_A20_LOAN_00558,DE_PARTY_00112,PROT_00322,A20,1000,1430.87,2023-12,LOAN,EUR
DE_A20_LOAN_00559,DE_PARTY_00156,PROT_00331,A20,1000,877.23,2023-12,LOAN,EUR
DE_A20_LOAN_00560,DE_PARTY_00131,PROT_00021,A20,1000,1343.76,2023-12,LOAN,EUR
DE_A20_LOAN_00561,DE_PARTY_00030,PROT_00159,A20,1000,3922.97,2023-12,LOAN,EUR
DE_A20_LOAN_00562,DE_PARTY_00099,PROT_00404,A20,1000,1904.62,2023-12,LOAN,EUR
DE_A20_LOAN_00563,DE_PARTY_00148,PROT_00226,A20,1000,928.67,2023-12,LOAN,EUR
DE_A20_LOAN_00564,DE_PARTY_00049,PROT_00018,A20,1000,2321.79,2023-12,LOAN,EUR
DE_A20_LOAN_00565,DE_PARTY_00066,PROT_00297,A20,1000,884.06,2023-12,LOAN,EUR
DE_A20_LOAN_00566,DE_PARTY_00012,PROT_00187,A20,1000,332.45,2023-12,LOAN,EUR
DE_A20_LOAN_00567,DE_PARTY_00182,PROT_00375,A20,1000,616.78,2023-12,LOAN,EUR
DE_A20_LOAN_00568,DE_PARTY_00112,PROT_00068,A20,1000,367.56,2023-12,LOAN,EUR
DE_A20_LOAN_00569,DE_PARTY_00001,PROT_00047,A20,1000,914.57,2023-12,LOAN,EUR
DE_A20_LOAN_00570,DE_PARTY_00134,PROT_00466,A20,1000,1141.86,2023-12,LOAN,EUR
DE_A20_LOAN_00571,DE_PARTY_00138,PROT_00152,A20,1000,3087.84,2023-12,LOAN,EUR
DE_A20_LOAN_00572,DE_PARTY_00176,PROT_00168,A20,1000,1374.05,2023-12,LOAN,EUR
DE_A20_LOAN_00573,DE_PARTY_00185,PROT_00383,A20,1000,990.2,2023-12,LOAN,EUR
DE_A20_LOAN_00574,DE_PARTY_00190,PROT_00213,A20,1000,1857.54,2023-12,LOAN,EUR
DE_A20_LOAN_00575,DE_PARTY_00189,PROT_00090,A20,1000,299.67,2023-12,LOAN,EUR
DE_A20_LOAN_00576,DE_PARTY_00172,PROT_00103,A20,1000,1300.8,2023-12,LOAN,EUR
DE_A20_LOAN_00577,DE_PARTY_00051,PROT_00068,A20,1000,1793.43,2023-12,LOAN,EUR
DE_A20_LOAN_00578,DE_PARTY_00094,PROT_00403,A20,1000,465.08,2023-12,LOAN,EUR
DE_A20_LOAN_00579,DE_PARTY_00111,PROT_00277,A20,1000,2243.11,2023-12,LOAN,EUR
DE_A20_LOAN_00580,DE_PARTY_00018,PROT_00449,A20,1000,1383.63,2023-12,LOAN,EUR
DE_A20_LOAN_00581,DE_PARTY_00171,PROT_00498,A20,1000,880.24,2023-12,LOAN,EUR
DE_A20_LOAN_00582,DE_PARTY_00085,PROT_00188,A20,1000,1650.83,2023-12,LOAN,EUR
DE_A20_LOAN_00583,DE_PARTY_00160,PROT_00272,A20,1000,4410.66,2023-12,LOAN,EUR
DE_A20_LOAN_00584,DE_PARTY_00081,PROT_00257,A20,1000,1259.52,2023-12,LOAN,EUR
DE_A20_LOAN_00585,DE_PARTY_00170,PROT_00468,A20,1000,1310.67,2023-12,LOAN,EUR
DE_A20_LOAN_00586,DE_PARTY_00032,PROT_00140,A20,1000,857.27,2023-12,LOAN,EUR
DE_A20_LOAN_00587,DE_PARTY_00185,PROT_00426,A20,1000,678.21,2023-12,LOAN,EUR
DE_A20_LOAN_00588,DE_PARTY_00077,PROT_00085,A20,1000,1858.58,2023-12,LOAN,EUR
DE_A20_LOAN_00589,DE_PARTY_00130,PROT_00132,A20,1000,675.68,2023-12,LOAN,EUR
DE_A20_LOAN_00590,DE_PARTY_00080,PROT_00468,A20,1000,1178.86,2023-12,LOAN,EUR
DE_A20_LOAN_00591,DE_PARTY_00171,PROT_00423,A20,1000,847.91,2023-12,LOAN,EUR
DE_A20_LOAN_00592,DE_PARTY_00105,PROT_00484,A20,1000,1505.31,2023-12,LOAN,EUR
DE_A20_LOAN_00593,DE_PARTY_00084,PROT_00247,A20,1000,1379.62,2023-12,LOAN,EUR
DE_A20_LOAN_00594,DE_PARTY_00104,PROT_00496,A20,1000,2104.62,2023-12,LOAN,EUR
DE_A20_LOAN_00595,DE_PARTY_00179,PROT_00413,A20,1000,831.6,2023-12,LOAN,EUR
DE_A20_LOAN_00596,DE_PARTY_00076,PROT_00152,A20,1000,960.49,2023-12,LOAN,EUR
DE_A20_LOAN_00597,DE_PARTY_00142,PROT_00383,A20,1000,627.73,2023-12,LOAN,EUR
DE_A20_LOAN_00598,DE_PARTY_00033,PROT_00446,A20,1000,865.05,2023-12,LOAN,EUR
DE_A20_LOAN_00599,DE_PARTY_00050,PROT_00174,A20,1000,1416.22,2023-12,LOAN,EUR
DE_A20_LOAN_00600,DE_PARTY_00108,PROT_00412,A20,1000,1778.56,2023-12,LOAN,EUR
DE_A20_LOAN_00601,DE_PARTY_00171,PROT_00059,A20,1000,649.41,2023-12,LOAN,EUR
DE_A20_LOAN_00602,DE_PARTY_00098,PROT_00240,A20,1000,1902.89,2023-12,LOAN,EUR
DE_A20_LOAN_00603,DE_PARTY_00174,PROT_00494,A20,1000,2547.19,2023-12,LOAN,EUR
DE_A20_LOAN_00604,DE_PARTY_00192,PROT_00039,A20,1000,1447.26,2023-12,LOAN,EUR
DE_A20_LOAN_00605,DE_PARTY_00045,PROT_00073,A20,1000,3482.28,2023-12,LOAN,EUR
DE_A20_LOAN_00606,DE_PARTY_00158,PROT_00387,A20,1000,709.88,2023-12,LOAN,EUR
DE_A20_LOAN_00607,DE_PARTY_00146,PROT_00495,A20,1000,535.16,2023-12,LOAN,EUR
DE_A20_LOAN_00608,DE_PARTY_00078,PROT_00116,A20,1000,388.44,2023-12,LOAN,EUR
DE_A20_LOAN_00609,DE_PARTY_00104,PROT_00441,A20,1000,2771.08,2023-12,LOAN,EUR
DE_A20_LOAN_00610,DE_PARTY_00141,PROT_00347,A20,1000,1672.35,2023-12,LOAN,EUR
DE_A20_LOAN_00611,DE_PARTY_00001,PROT_00371,A20,1000,1092.27,2023-12,LOAN,EUR
DE_A20_LOAN_00612,DE_PARTY_00078,PROT_00346,A20,1000,1335.88,2023-12,LOAN,EUR
DE_A20_LOAN_00613,DE_PARTY_00074,PROT_00204,A20,1000,574.83,2023-12,LOAN,EUR
DE_A20_LOAN_00614,DE_PARTY_00054,PROT_00496,A20,1000,4899.14,2023-12,LOAN,EUR
DE_A20_LOAN_00615,DE_PARTY_00111,PROT_00434,A20,1000,1220.36,2023-12,LOAN,EUR
DE_A20_LOAN_00616,DE_PARTY_00149,PROT_00412,A20,1000,1205.92,2023-12,LOAN,EUR
DE_A20_LOAN_00617,DE_PARTY_00156,PROT_00286,A20,1000,1745.55,2023-12,LOAN,EUR
DE_A20_LOAN_00618,DE_PARTY_00168,PROT_00188,A20,1000,1507.14,2023-12,LOAN,EUR
DE_A20_LOAN_00619,DE_PARTY_00083,PROT_00047,A20,1000,1291.68,2023-12,LOAN,EUR
DE_A20_LOAN_00620,DE_PARTY_00120,PROT_00405,A20,1000,702.81,2023-12,LOAN,EUR
DE_A20_LOAN_00621,DE_PARTY_00114,PROT_00203,A20,1000,1498.54,2023-12,LOAN,EUR
DE_A20_LOAN_00622,DE_PARTY_00114,PROT_00008,A20,1000,3493.22,2023-12,LOAN,EUR
DE_A20_LOAN_00623,DE_PARTY_00173,PROT_00136,A20,1000,2531.63,2023-12,LOAN,EUR
DE_A20_LOAN_00624,DE_PARTY_00055,PROT_00275,A20,1000,2937.39,2023-12,LOAN,EUR
DE_A20_LOAN_00625,DE_PARTY_00131,PROT_00064,A20,1000,831.0,2023-12,LOAN,EUR
DE_A20_LOAN_00626,DE_PARTY_00122,PROT_00233,A20,1000,623.66,2023-12,LOAN,EUR
DE_A20_LOAN_00627,DE_PARTY_00189,PROT_00189,A20,1000,1047.22,2023-12,LOAN,EUR
DE_A20_LOAN_00628,DE_PARTY_00044,PROT_00345,A20,1000,1167.71,2023-12,LOAN,EUR
DE_A20_LOAN_00629,DE_PARTY_00169,PROT_00384,A20,1000,2177.38,2023-12,LOAN,EUR
DE_A20_LOAN_00630,DE_PARTY_00022,PROT_00345,A20,1000,409.07,2023-12,LOAN,EUR
DE_A20_LOAN_00631,DE_PARTY_00073,PROT_00135,A20,1000,2827.35,2023-12,LOAN,EUR
DE_A20_LOAN_00632,DE_PARTY_00132,PROT_00300,A20,1000,1027.17,2023-12,LOAN,EUR
DE_A20_LOAN_00633,DE_PARTY_00170,PROT_00196,A20,1000,874.14,2023-12,LOAN,EUR
DE_A20_LOAN_00634,DE_PARTY_00163,PROT_00422,A20,1000,615.3,2023-12,LOAN,EUR
DE_A20_LOAN_00635,DE_PARTY_00159,PROT_00327,A20,1000,418.41,2023-12,LOAN,EUR
DE_A20_LOAN_00636,DE_PARTY_00086,PROT_00482,A20,1000,1850.6,2023-12,LOAN,EUR
DE_A20_LOAN_00637,DE_PARTY_00024,PROT_00191,A20,1000,1180.1,2023-12,LOAN,EUR
DE_A20_LOAN_00638,DE_PARTY_00193,PROT_00056,A20,1000,520.81,2023-12,LOAN,EUR
DE_A20_LOAN_00639,DE_PARTY_00061,PROT_00346,A20,1000,519.21,2023-12,LOAN,EUR
DE_A20_LOAN_00640,DE_PARTY_00173,PROT_00120,A20,1000,923.24,2023-12,LOAN,EUR
DE_A20_LOAN_00641,DE_PARTY_00080,PROT_00242,A20,1000,3074.13,2023-12,LOAN,EUR
DE_A20_LOAN_00642,DE_PARTY_00058,PROT_00013,A20,1000,966.43,2023-12,LOAN,EUR
DE_A20_LOAN_00643,DE_PARTY_00051,PROT_00318,A20,1000,458.28,2023-12,LOAN,EUR
DE_A20_LOAN_00644,DE_PARTY_00038,PROT_00453,A20,1000,974.49,2023-12,LOAN,EUR
DE_A20_LOAN_00645,DE_PARTY_00007,PROT_00483,A20,1000,958.85,2023-12,LOAN,EUR
DE_A20_LOAN_00646,DE_PARTY_00012,PROT_00288,A20,1000,223.91,2023-12,LOAN,EUR
DE_A20_LOAN_00647,DE_PARTY_00063,PROT_00168,A20,1000,1093.12,2023-12,LOAN,EUR
DE_A20_LOAN_00648,DE_PARTY_00122,PROT_00469,A20,1000,983.19,2023-12,LOAN,EUR
DE_A20_LOAN_00649,DE_PARTY_00157,PROT_00313,A20,1000,1714.86,2023-12,LOAN,EUR
DE_A20_LOAN_00650,DE_PARTY_00197,PROT_00114,A20,1000,3424.59,2023-12,LOAN,EUR
DE_A20_LOAN_00651,DE_PARTY_00019,PROT_00332,A20,1000,2220.09,2023-12,LOAN,EUR
DE_A20_LOAN_00652,DE_PARTY_00117,PROT_00033,A20,1000,961.05,2023-12,LOAN,EUR
DE_A20_LOAN_00653,DE_PARTY_00107,PROT_00326,A20,1000,581.41,2023-12,LOAN,EUR
DE_A20_LOAN_00654,DE_PARTY_00162,PROT_00422,A20,1000,5288.98,2023-12,LOAN,EUR
DE_A20_LOAN_00655,DE_PARTY_00148,PROT_00238,A20,1000,1170.16,2023-12,LOAN,EUR
DE_A20_LOAN_00656,DE_PARTY_00050,PROT_00466,A20,1000,1138.79,2023-12,LOAN,EUR
DE_A20_LOAN_00657,DE_PARTY_00184,PROT_00359,A20,1000,1113.08,2023-12,LOAN,EUR
DE_A20_LOAN_00658,DE_PARTY_00179,PROT_00155,A20,1000,1271.83,2023-12,LOAN,EUR
DE_A20_LOAN_00659,DE_PARTY_00099,PROT_00333,A20,1000,1035.61,2023-12,LOAN,EUR
DE_A20_LOAN_00660,DE_PARTY_00127,PROT_00210,A20,1000,800.44,2023-12,LOAN,EUR
DE_A20_LOAN_00661,DE_PARTY_00103,PROT_00060,A20,1000,813.42,2023-12,LOAN,EUR
DE_A20_LOAN_00662,DE_PARTY_00063,PROT_00072,A20,1000,1107.34,2023-12,LOAN,EUR
DE_A20_LOAN_00663,DE_PARTY_00038,PROT_00024,A20,1000,815.1,2023-12,LOAN,EUR
DE_A20_LOAN_00664,DE_PARTY_00168,PROT_00485,A20,1000,736.31,2023-12,LOAN,EUR
DE_A20_LOAN_00665,DE_PARTY_00177,PROT_00020,A20,1000,1203.78,2023-12,LOAN,EUR
DE_A20_LOAN_00666,DE_PARTY_00002,PROT_00156,A20,1000,969.11,2023-12,LOAN,EUR
DE_A20_LOAN_00667,DE_PARTY_00193,PROT_00253,A20,1000,2784.32,2023-12,LOAN,EUR
DE_A20_LOAN_00668,DE_PARTY_00198,PROT_00060,A20,1000,230.16,2023-12,LOAN,EUR
DE_A20_LOAN_00669,DE_PARTY_00028,PROT_00050,A20,1000,2173.88,2023-12,LOAN,EUR
DE_A20_LOAN_00670,DE_PARTY_00200,PROT_00121,A20,1000,2385.15,2023-12,LOAN,EUR
DE_A20_LOAN_00671,DE_PARTY_00109,PROT_00455,A20,1000,325.49,2023-12,LOAN,EUR
DE_A20_LOAN_00672,DE_PARTY_00057,PROT_00276,A20,1000,919.43,2023-12,LOAN,EUR
DE_A20_LOAN_00673,DE_PARTY_00046,PROT_00070,A20,1000,903.7,2023-12,LOAN,EUR
DE_A20_LOAN_00674,DE_PARTY_00179,PROT_00199,A20,1000,485.34,2023-12,LOAN,EUR
DE_A20_LOAN_00675,DE_PARTY_00133,PROT_00233,A20,1000,708.16,2023-12,LOAN,EUR
DE_A20_LOAN_00676,DE_PARTY_00119,PROT_00190,A20,1000,579.99,2023-12,LOAN,EUR
DE_A20_LOAN_00677,DE_PARTY_00013,PROT_00344,A20,1000,3231.58,2023-12,LOAN,EUR
DE_A20_LOAN_00678,DE_PARTY_00143,PROT_00487,A20,1000,1979.84,2023-12,LOAN,EUR
DE_A20_LOAN_00679,DE_PARTY_00064,PROT_00381,A20,1000,2421.88,2023-12,LOAN,EUR
DE_A20_LOAN_00680,DE_PARTY_00032,PROT_00357,A20,1000,1741.27,2023-12,LOAN,EUR
DE_A20_LOAN_00681,DE_PARTY_00117,PROT_00485,A20,1000,573.6,2023-12,LOAN,EUR
DE_A20_LOAN_00682,DE_PARTY_00035,PROT_00277,A20,1000,824.4,2023-12,LOAN,EUR
DE_A20_LOAN_00683,DE_PARTY_00119,PROT_00215,A20,1000,1514.73,2023-12,LOAN,EUR
DE_A20_LOAN_00684,DE_PARTY_00171,PROT_00301,A20,1000,542.45,2023-12,LOAN,EUR
DE_A20_LOAN_00685,DE_PARTY_00136,PROT_00381,A20,1000,1732.23,2023-12,LOAN,EUR
DE_A20_LOAN_00686,DE_PARTY_00144,PROT_00373,A20,1000,977.67,2023-12,LOAN,EUR
DE_A20_LOAN_00687,DE_PARTY_00153,PROT_00080,A20,1000,901.87,2023-12,LOAN,EUR
DE_A20_LOAN_00688,DE_PARTY_00082,PROT_00454,A20,1000,1730.11,2023-12,LOAN,EUR
DE_A20_LOAN_00689,DE_PARTY_00194,PROT_00213,A20,1000,1474.28,2023-12,LOAN,EUR
DE_A20_LOAN_00690,DE_PARTY_00114,PROT_00336,A20,1000,909.4,2023-12,LOAN,EUR
DE_A20_LOAN_00691,DE_PARTY_00157,PROT_00051,A20,1000,2264.17,2023-12,LOAN,EUR
DE_A20_LOAN_00692,DE_PARTY_00185,PROT_00427,A20,1000,590.36,2023-12,LOAN,EUR
DE_A20_LOAN_00693,DE_PARTY_00130,PROT_00251,A20,1000,1634.23,2023-12,LOAN,EUR
DE_A20_LOAN_00694,DE_PARTY_00110,PROT_00316,A20,1000,1611.99,2023-12,LOAN,EUR
DE_A20_LOAN_00695,DE_PARTY_00141,PROT_00209,A20,1000,937.89,2023-12,LOAN,EUR
DE_A20_LOAN_00696,DE_PARTY_00115,PROT_00481,A20,1000,1373.4,2023-12,LOAN,EUR
DE_A20_LOAN_00697,DE_PARTY_00041,PROT_00488,A20,1000,533.09,2023-12,LOAN,EUR
DE_A20_LOAN_00698,DE_PARTY_00191,PROT_00144,A20,1000,1966.05,2023-12,LOAN,EUR
DE_A20_LOAN_00699,DE_PARTY_00122,PROT_00017,A20,1000,1010.73,2023-12,LOAN,EUR
DE_A20_LOAN_00700,DE_PARTY_00116,PROT_00354,A20,1000,825.29,2023-12,LOAN,EUR
DE_A20_LOAN_00701,DE_PARTY_00067,PROT_00190,A20,1000,2119.15,2023-12,LOAN,EUR
DE_A20_LOAN_00702,DE_PARTY_00193,PROT_00112,A20,1000,740.08,2023-12,LOAN,EUR
DE_A20_LOAN_00703,DE_PARTY_00064,PROT_00228,A20,1000,485.07,2023-12,LOAN,EUR
DE_A20_LOAN_00704,DE_PARTY_00164,PROT_00228,A20,1000,443.81,2023-12,LOAN,EUR
DE_A20_LOAN_00705,DE_PARTY_00071,PROT_00487,A20,1000,1624.52,2023-12,LOAN,EUR
DE_A20_LOAN_00706,DE_PARTY_00197,PROT_00121,A20,1000,523.8,2023-12,LOAN,EUR
DE_A20_LOAN_00707,DE_PARTY_00200,PROT_00438,A20,1000,3236.48,2023-12,LOAN,EUR
DE_A20_LOAN_00708,DE_PARTY_00134,PROT_00186,A20,1000,323.83,2023-12,LOAN,EUR
DE_A20_LOAN_00709,DE_PARTY_00125,PROT_00051,A20,1000,3125.15,2023-12,LOAN,EUR
DE_A20_LOAN_00710,DE_PARTY_00161,PROT_00352,A20,1000,1281.74,2023-12,LOAN,EUR
DE_A20_LOAN_00711,DE_PARTY_00062,PROT_00189,A20,1000,1065.65,2023-12,LOAN,EUR
DE_A20_LOAN_00712,DE_PARTY_00071,PROT_00279,A20,1000,814.37,2023-12,LOAN,EUR
DE_A20_LOAN_00713,DE_PARTY_00113,PROT_00462,A20,1000,1434.89,2023-12,LOAN,EUR
DE_A20_LOAN_00714,DE_PARTY_00020,PROT_00331,A20,1000,1104.1,2023-12,LOAN,EUR
DE_A20_LOAN_00715,DE_PARTY_00183,PROT_00184,A20,1000,2189.32,2023-12,LOAN,EUR
DE_A20_LOAN_00716,DE_PARTY_00074,PROT_00032,A20,1000,1209.43,2023-12,LOAN,EUR
DE_A20_LOAN_00717,DE_PARTY_00061,PROT_00204,A20,1000,1235.89,2023-12,LOAN,EUR
DE_A20_LOAN_00718,DE_PARTY_00070,PROT_00142,A20,1000,907.96,2023-12,LOAN,EUR
DE_A20_LOAN_00719,DE_PARTY_00086,PROT_00098,A20,1000,1091.38,2023-12,LOAN,EUR
DE_A20_LOAN_00720,DE_PARTY_00082,PROT_00496,A20,1000,1358.38,2023-12,LOAN,EUR
DE_A20_LOAN_00721,DE_PARTY_00139,PROT_00063,A20,1000,404.75,2023-12,LOAN,EUR
DE_A20_LOAN_00722,DE_PARTY_00021,PROT_00486,A20,1000,502.93,2023-12,LOAN,EUR
DE_A20_LOAN_00723,DE_PARTY_00036,PROT_00435,A20,1000,1763.97,2023-12,LOAN,EUR
DE_A20_LOAN_00724,DE_PARTY_00039,PROT_00422,A20,1000,1251.23,2023-12,LOAN,EUR
DE_A20_LOAN_00725,DE_PARTY_00060,PROT_00233,A20,1000,1011.28,2023-12,LOAN,EUR
DE_A20_LOAN_00726,DE_PARTY_00099,PROT_00047,A20,1000,1141.87,2023-12,LOAN,EUR
DE_A20_LOAN_00727,DE_PARTY_00178,PROT_00340,A20,1000,1391.19,2023-12,LOAN,EUR
DE_A20_LOAN_00728,DE_PARTY_00040,PROT_00109,A20,1000,816.89,2023-12,LOAN,EUR
DE_A20_LOAN_00729,DE_PARTY_00181,PROT_00329,A20,1000,707.96,2023-12,LOAN,EUR
DE_A20_LOAN_00730,DE_PARTY_00055,PROT_00328,A20,1000,1270.13,2023-12,LOAN,EUR
DE_A20_LOAN_00731,DE_PARTY_00017,PROT_00306,A20,1000,627.88,2023-12,LOAN,EUR
DE_A20_LOAN_00732,DE_PARTY_00107,PROT_00498,A20,1000,1442.76,2023-12,LOAN,EUR
DE_A20_LOAN_00733,DE_PARTY_00105,PROT_00011,A20,1000,406.59,2023-12,LOAN,EUR
DE_A20_LOAN_00734,DE_PARTY_00085,PROT_00026,A20,1000,2094.06,2023-12,LOAN,EUR
DE_A20_LOAN_00735,DE_PARTY_00139,PROT_00403,A20,1000,1499.55,2023-12,LOAN,EUR
DE_A20_LOAN_00736,DE_PARTY_00120,PROT_00171,A20,1000,1316.83,2023-12,LOAN,EUR
DE_A20_LOAN_00737,DE_PARTY_00107,PROT_00125,A20,1000,2036.48,2023-12,LOAN,EUR
DE_A20_LOAN_00738,DE_PARTY_00016,PROT_00065,A20,1000,3067.6,2023-12,LOAN,EUR
DE_A20_LOAN_00739,DE_PARTY_00053,PROT_00403,A20,1000,2075.56,2023-12,LOAN,EUR
DE_A20_LOAN_00740,DE_PARTY_00108,PROT_00290,A20,1000,374.22,2023-12,LOAN,EUR
DE_A20_LOAN_00741,DE_PARTY_00100,PROT_00106,A20,1000,524.07,2023-12,LOAN,EUR
DE_A20_LOAN_00742,DE_PARTY_00198,PROT_00036,A20,1000,776.25,2023-12,LOAN,EUR
DE_A20_LOAN_00743,DE_PARTY_00150,PROT_00425,A20,1000,1147.13,2023-12,LOAN,EUR
DE_A20_LOAN_00744,DE_PARTY_00179,PROT_00392,A20,1000,1540.65,2023-12,LOAN,EUR
DE_A20_LOAN_00745,DE_PARTY_00006,PROT_00284,A20,1000,730.64,2023-12,LOAN,EUR
DE_A20_LOAN_00746,DE_PARTY_00196,PROT_00107,A20,1000,1263.23,2023-12,LOAN,EUR
DE_A20_LOAN_00747,DE_PARTY_00148,PROT_00301,A20,1000,717.76,2023-12,LOAN,EUR
DE_A20_LOAN_00748,DE_PARTY_00098,PROT_00111,A20,1000,782.47,2023-12,LOAN,EUR
DE_A20_LOAN_00749,DE_PARTY_00123,PROT_00417,A20,1000,485.59,2023-12,LOAN,EUR
DE_A20_LOAN_00750,DE_PARTY_00002,PROT_00446,A20,1000,648.99,2023-12,LOAN,EUR
DE_A20_LOAN_00751,DE_PARTY_00091,PROT_00120,A20,1000,501.88,2023-12,LOAN,EUR
DE_A20_LOAN_00752,DE_PARTY_00077,PROT_00169,A20,1000,628.82,2023-12,LOAN,EUR
DE_A20_LOAN_00753,DE_PARTY_00193,PROT_00397,A20,1000,2125.05,2023-12,LOAN,EUR
DE_A20_LOAN_00754,DE_PARTY_00100,PROT_00076,A20,1000,638.89,2023-12,LOAN,EUR
DE_A20_LOAN_00755,DE_PARTY_00108,PROT_00404,A20,1000,5479.64,2023-12,LOAN,EUR
DE_A20_LOAN_00756,DE_PARTY_00138,PROT_00462,A20,1000,1518.31,2023-12,LOAN,EUR
DE_A20_LOAN_00757,DE_PARTY_00192,PROT_00306,A20,1000,1261.76,2023-12,LOAN,EUR
DE_A20_LOAN_00758,DE_PARTY_00189,PROT_00002,A20,1000,674.76,2023-12,LOAN,EUR
DE_A20_LOAN_00759,DE_PARTY_00140,PROT_00142,A20,1000,1719.09,2023-12,LOAN,EUR
DE_A20_LOAN_00760,DE_PARTY_00155,PROT_00440,A20,1000,799.5,2023-12,LOAN,EUR
DE_A20_LOAN_00761,DE_PARTY_00057,PROT_00075,A20,1000,1215.09,2023-12,LOAN,EUR
DE_A20_LOAN_00762,DE_PARTY_00125,PROT_00067,A20,1000,5247.02,2023-12,LOAN,EUR
DE_A20_LOAN_00763,DE_PARTY_00057,PROT_00277,A20,1000,1066.06,2023-12,LOAN,EUR
DE_A20_LOAN_00764,DE_PARTY_00070,PROT_00129,A20,1000,2250.55,2023-12,LOAN,EUR
DE_A20_LOAN_00765,DE_PARTY_00112,PROT_00409,A20,1000,740.6,2023-12,LOAN,EUR
DE_A20_LOAN_00766,DE_PARTY_00125,PROT_00090,A20,1000,1105.85,2023-12,LOAN,EUR
DE_A20_LOAN_00767,DE_PARTY_00008,PROT_00057,A20,1000,3267.71,2023-12,LOAN,EUR
DE_A20_LOAN_00768,DE_PARTY_00100,PROT_00339,A20,1000,775.25,2023-12,LOAN,EUR
DE_A20_LOAN_00769,DE_PARTY_00087,PROT_00444,A20,1000,3350.4,2023-12,LOAN,EUR
DE_A20_LOAN_00770,DE_PARTY_00172,PROT_00014,A20,1000,1726.78,2023-12,LOAN,EUR
DE_A20_LOAN_00771,DE_PARTY_00174,PROT_00068,A20,1000,805.84,2023-12,LOAN,EUR
DE_A20_LOAN_00772,DE_PARTY_00104,PROT_00008,A20,1000,1650.46,2023-12,LOAN,EUR
DE_A20_LOAN_00773,DE_PARTY_00186,PROT_00184,A20,1000,2024.13,2023-12,LOAN,EUR
DE_A20_LOAN_00774,DE_PARTY_00043,PROT_00405,A20,1000,1640.0,2023-12,LOAN,EUR
DE_A20_LOAN_00775,DE_PARTY_00120,PROT_00404,A20,1000,440.2,2023-12,LOAN,EUR
DE_A20_LOAN_00776,DE_PARTY_00033,PROT_00122,A20,1000,730.03,2023-12,LOAN,EUR
DE_A20_LOAN_00777,DE_PARTY_00160,PROT_00302,A20,1000,973.46,2023-12,LOAN,EUR
DE_A20_LOAN_00778,DE_PARTY_00137,PROT_00166,A20,1000,1079.99,2023-12,LOAN,EUR
DE_A20_LOAN_00779,DE_PARTY_00007,PROT_00009,A20,1000,1638.88,2023-12,LOAN,EUR
DE_A20_LOAN_00780,DE_PARTY_00101,PROT_00090,A20,1000,1256.37,2023-12,LOAN,EUR
DE_A20_LOAN_00781,DE_PARTY_00152,PROT_00136,A20,1000,506.82,2023-12,LOAN,EUR
DE_A20_LOAN_00782,DE_PARTY_00145,PROT_00027,A20,1000,1418.68,2023-12,LOAN,EUR
DE_A20_LOAN_00783,DE_PARTY_00170,PROT_00065,A20,1000,1628.99,2023-12,LOAN,EUR
DE_A20_LOAN_00784,DE_PARTY_00007,PROT_00380,A20,1000,1580.09,2023-12,LOAN,EUR
DE_A20_LOAN_00785,DE_PARTY_00022,PROT_00216,A20,1000,2159.93,2023-12,LOAN,EUR
DE_A20_LOAN_00786,DE_PARTY_00165,PROT_00270,A20,1000,1862.58,2023-12,LOAN,EUR
DE_A20_LOAN_00787,DE_PARTY_00110,PROT_00059,A20,1000,1487.53,2023-12,LOAN,EUR
DE_A20_LOAN_00788,DE_PARTY_00035,PROT_00382,A20,1000,1082.76,2023-12,LOAN,EUR
DE_A20_LOAN_00789,DE_PARTY_00119,PROT_00033,A20,1000,416.88,2023-12,LOAN,EUR
DE_A20_LOAN_00790,DE_PARTY_00047,PROT_00244,A20,1000,1461.38,2023-12,LOAN,EUR
DE_A20_LOAN_00791,DE_PARTY_00013,PROT_00230,A20,1000,1279.18,2023-12,LOAN,EUR
DE_A20_LOAN_00792,DE_PARTY_00067,PROT_00399,A20,1000,1329.17,2023-12,LOAN,EUR
DE_A20_LOAN_00793,DE_PARTY_00098,PROT_00186,A20,1000,524.96,2023-12,LOAN,EUR
DE_A20_LOAN_00794,DE_PARTY_00084,PROT_00263,A20,1000,590.36,2023-12,LOAN,EUR
DE_A20_LOAN_00795,DE_PARTY_00055,PROT_00304,A20,1000,2124.43,2023-12,LOAN,EUR
DE_A20_LOAN_00796,DE_PARTY_00117,PROT_00056,A20,1000,1102.83,2023-12,LOAN,EUR
DE_A20_LOAN_00797,DE_PARTY_00084,PROT_00232,A20,1000,1699.8,2023-12,LOAN,EUR
DE_A20_LOAN_00798,DE_PARTY_00087,PROT_00258,A20,1000,1148.67,2023-12,LOAN,EUR
DE_A20_LOAN_00799,DE_PARTY_00195,PROT_00114,A20,1000,1149.66,2023-12,LOAN,EUR
DE_A20_LOAN_00800,DE_PARTY_00098,PROT_00485,A20,1000,1982.94,2023-12,LOAN,EUR
DE_A20_LOAN_00801,DE_PARTY_00072,PROT_00315,A20,1000,828.6,2023-12,LOAN,EUR
DE_A20_LOAN_00802,DE_PARTY_00193,PROT_00023,A20,1000,1196.36,2023-12,LOAN,EUR
DE_A20_LOAN_00803,DE_PARTY_00108,PROT_00373,A20,1000,855.77,2023-12,LOAN,EUR
DE_A20_LOAN_00804,DE_PARTY_00065,PROT_00402,A20,1000,870.15,2023-12,LOAN,EUR
DE_A20_LOAN_00805,DE_PARTY_00021,PROT_00466,A20,1000,938.1,2023-12,LOAN,EUR
DE_A20_LOAN_00806,DE_PARTY_00121,PROT_00444,A20,1000,1290.32,2023-12,LOAN,EUR
DE_A20_LOAN_00807,DE_PARTY_00005,PROT_00338,A20,1000,847.35,2023-12,LOAN,EUR
DE_A20_LOAN_00808,DE_PARTY_00192,PROT_00267,A20,1000,2399.03,2023-12,LOAN,EUR
DE_A20_LOAN_00809,DE_PARTY_00139,PROT_00155,A20,1000,660.24,2023-12,LOAN,EUR
DE_A20_LOAN_00810,DE_PARTY_00014,PROT_00235,A20,1000,1009.53,2023-12,LOAN,EUR
DE_A20_LOAN_00811,DE_PARTY_00090,PROT_00330,A20,1000,867.42,2023-12,LOAN,EUR
DE_A20_LOAN_00812,DE_PARTY_00058,PROT_00494,A20,1000,2690.69,2023-12,LOAN,EUR
DE_A20_LOAN_00813,DE_PARTY_00167,PROT_00016,A20,1000,1270.67,2023-12,LOAN,EUR
DE_A20_LOAN_00814,DE_PARTY_00018,PROT_00032,A20,1000,2097.44,2023-12,LOAN,EUR
DE_A20_LOAN_00815,DE_PARTY_00200,PROT_00246,A20,1000,463.14,2023-12,LOAN,EUR
DE_A20_LOAN_00816,DE_PARTY_00167,PROT_00434,A20,1000,1325.57,2023-12,LOAN,EUR
DE_A20_LOAN_00817,DE_PARTY_00011,PROT_00206,A20,1000,1925.89,2023-12,LOAN,EUR
DE_A20_LOAN_00818,DE_PARTY_00194,PROT_00219,A20,1000,1186.47,2023-12,LOAN,EUR
DE_A20_LOAN_00819,DE_PARTY_00008,PROT_00352,A20,1000,2140.2,2023-12,LOAN,EUR
DE_A20_LOAN_00820,DE_PARTY_00064,PROT_00056,A20,1000,827.98,2023-12,LOAN,EUR
DE_A20_LOAN_00821,DE_PARTY_00052,PROT_00252,A20,1000,2630.62,2023-12,LOAN,EUR
DE_A20_LOAN_00822,DE_PARTY_00006,PROT_00365,A20,1000,4485.94,2023-12,LOAN,EUR
DE_A20_LOAN_00823,DE_PARTY_00160,PROT_00466,A20,1000,908.38,2023-12,LOAN,EUR
DE_A20_LOAN_00824,DE_PARTY_00040,PROT_00228,A20,1000,864.42,2023-12,LOAN,EUR
DE_A20_LOAN_00825,DE_PARTY_00062,PROT_00038,A20,1000,2701.05,2023-12,LOAN,EUR
DE_A20_LOAN_00826,DE_PARTY_00033,PROT_00461,A20,1000,2913.49,2023-12,LOAN,EUR
DE_A20_LOAN_00827,DE_PARTY_00122,PROT_00042,A20,1000,825.22,2023-12,LOAN,EUR
DE_A20_LOAN_00828,DE_PARTY_00172,PROT_00165,A20,1000,877.65,2023-12,LOAN,EUR
DE_A20_LOAN_00829,DE_PARTY_00030,PROT_00312,A20,1000,953.65,2023-12,LOAN,EUR
DE_A20_LOAN_00830,DE_PARTY_00145,PROT_00076,A20,1000,504.06,2023-12,LOAN,EUR
DE_A20_LOAN_00831,DE_PARTY_00056,PROT_00034,A20,1000,650.78,2023-12,LOAN,EUR
DE_A20_LOAN_00832,DE_PARTY_00120,PROT_00065,A20,1000,618.24,2023-12,LOAN,EUR
DE_A20_LOAN_00833,DE_PARTY_00180,PROT_00141,A20,1000,712.43,2023-12,LOAN,EUR
DE_A20_LOAN_00834,DE_PARTY_00066,PROT_00320,A20,1000,1106.05,2023-12,LOAN,EUR
DE_A20_LOAN_00835,DE_PARTY_00197,PROT_00325,A20,1000,1299.71,2023-12,LOAN,EUR
DE_A20_LOAN_00836,DE_PARTY_00095,PROT_00300,A20,1000,2863.11,2023-12,LOAN,EUR
DE_A20_LOAN_00837,DE_PARTY_00043,PROT_00281,A20,1000,620.39,2023-12,LOAN,EUR
DE_A20_LOAN_00838,DE_PARTY_00156,PROT_00365,A20,1000,2038.48,2023-12,LOAN,EUR
DE_A20_LOAN_00839,DE_PARTY_00156,PROT_00167,A20,1000,993.24,2023-12,LOAN,EUR
DE_A20_LOAN_00840,DE_PARTY_00192,PROT_00196,A20,1000,1096.29,2023-12,LOAN,EUR
DE_A20_LOAN_00841,DE_PARTY_00184,PROT_00306,A20,1000,1693.0,2023-12,LOAN,EUR
DE_A20_LOAN_00842,DE_PARTY_00030,PROT_00272,A20,1000,575.78,2023-12,LOAN,EUR
DE_A20_LOAN_00843,DE_PARTY_00200,PROT_00151,A20,1000,1420.57,2023-12,LOAN,EUR
DE_A20_LOAN_00844,DE_PARTY_00042,PROT_00233,A20,1000,1247.92,2023-12,LOAN,EUR
DE_A20_LOAN_00845,DE_PARTY_00080,PROT_00259,A20,1000,1517.52,2023-12,LOAN,EUR
DE_A20_LOAN_00846,DE_PARTY_00028,PROT_00310,A20,1000,1343.28,2023-12,LOAN,EUR
DE_A20_LOAN_00847,DE_PARTY_00149,PROT_00221,A20,1000,4927.29,2023-12,LOAN,EUR
DE_A20_LOAN_00848,DE_PARTY_00007,PROT_00051,A20,1000,770.25,2023-12,LOAN,EUR
DE_A20_LOAN_00849,DE_PARTY_00080,PROT_00407,A20,1000,821.2,2023-12,LOAN,EUR
DE_A20_LOAN_00850,DE_PARTY_00148,PROT_00360,A20,1000,777.03,2023-12,LOAN,EUR
DE_A20_LOAN_00851,DE_PARTY_00174,PROT_00059,A20,1000,809.23,2023-12,LOAN,EUR
DE_A20_LOAN_00852,DE_PARTY_00097,PROT_00437,A20,1000,770.42,2023-12,LOAN,EUR
DE_A20_LOAN_00853,DE_PARTY_00102,PROT_00336,A20,1000,2304.86,2023-12,LOAN,EUR
DE_A20_LOAN_00854,DE_PARTY_00184,PROT_00334,A20,1000,2648.28,2023-12,LOAN,EUR
DE_A20_LOAN_00855,DE_PARTY_00051,PROT_00450,A20,1000,801.85,2023-12,LOAN,EUR
DE_A20_LOAN_00856,DE_PARTY_00020,PROT_00394,A20,1000,685.36,2023-12,LOAN,EUR
DE_A20_LOAN_00857,DE_PARTY_00152,PROT_00283,A20,1000,1498.49,2023-12,LOAN,EUR
DE_A20_LOAN_00858,DE_PARTY_00177,PROT_00370,A20,1000,810.81,2023-12,LOAN,EUR
DE_A20_LOAN_00859,DE_PARTY_00161,PROT_00444,A20,1000,1650.98,2023-12,LOAN,EUR
DE_A20_LOAN_00860,DE_PARTY_00063,PROT_00111,A20,1000,1275.53,2023-12,LOAN,EUR
DE_A20_LOAN_00861,DE_PARTY_00027,PROT_00221,A20,1000,454.83,2023-12,LOAN,EUR
DE_A20_LOAN_00862,DE_PARTY_00179,PROT_00232,A20,1000,2857.97,2023-12,LOAN,EUR
DE_A20_LOAN_00863,DE_PARTY_00198,PROT_00455,A20,1000,3317.25,2023-12,LOAN,EUR
DE_A20_LOAN_00864,DE_PARTY_00078,PROT_00117,A20,1000,781.87,2023-12,LOAN,EUR
DE_A20_LOAN_00865,DE_PARTY_00176,PROT_00212,A20,1000,894.93,2023-12,LOAN,EUR
DE_A20_LOAN_00866,DE_PARTY_00154,PROT_00174,A20,1000,1340.62,2023-12,LOAN,EUR
DE_A20_LOAN_00867,DE_PARTY_00031,PROT_00424,A20,1000,1380.28,2023-12,LOAN,EUR
DE_A20_LOAN_00868,DE_PARTY_00145,PROT_00233,A20,1000,1676.55,2023-12,LOAN,EUR
DE_A20_LOAN_00869,DE_PARTY_00011,PROT_00205,A20,1000,3772.48,2023-12,LOAN,EUR
DE_A20_LOAN_00870,DE_PARTY_00089,PROT_00213,A20,1000,1015.56,2023-12,LOAN,EUR
DE_A20_LOAN_00871,DE_PARTY_00137,PROT_00374,A20,1000,699.51,2023-12,LOAN,EUR
DE_A20_LOAN_00872,DE_PARTY_00110,PROT_00049,A20,1000,493.62,2023-12,LOAN,EUR
DE_A20_LOAN_00873,DE_PARTY_00170,PROT_00161,A20,1000,728.37,2023-12,LOAN,EUR
DE_A20_LOAN_00874,DE_PARTY_00095,PROT_00219,A20,1000,1107.09,2023-12,LOAN,EUR
DE_A20_LOAN_00875,DE_PARTY_00018,PROT_00161,A20,1000,3314.62,2023-12,LOAN,EUR
DE_A20_LOAN_00876,DE_PARTY_00130,PROT_00341,A20,1000,827.82,2023-12,LOAN,EUR
DE_A20_LOAN_00877,DE_PARTY_00166,PROT_00131,A20,1000,1291.6,2023-12,LOAN,EUR
DE_A20_LOAN_00878,DE_PARTY_00088,PROT_00192,A20,1000,1118.24,2023-12,LOAN,EUR
DE_A20_LOAN_00879,DE_PARTY_00004,PROT_00489,A20,1000,2304.0,2023-12,LOAN,EUR
DE_A20_LOAN_00880,DE_PARTY_00108,PROT_00079,A20,1000,5143.68,2023-12,LOAN,EUR
DE_A20_LOAN_00881,DE_PARTY_00126,PROT_00352,A20,1000,821.26,2023-12,LOAN,EUR
DE_A20_LOAN_00882,DE_PARTY_00028,PROT_00473,A20,1000,841.93,2023-12,LOAN,EUR
DE_A20_LOAN_00883,DE_PARTY_00111,PROT_00243,A20,1000,2112.99,2023-12,LOAN,EUR
DE_A20_LOAN_00884,DE_PARTY_00093,PROT_00035,A20,1000,1700.2,2023-12,LOAN,EUR
DE_A20_LOAN_00885,DE_PARTY_00163,PROT_00047,A20,1000,3419.98,2023-12,LOAN,EUR
DE_A20_LOAN_00886,DE_PARTY_00118,PROT_00426,A20,1000,1603.14,2023-12,LOAN,EUR
DE_A20_LOAN_00887,DE_PARTY_00182,PROT_00044,A20,1000,910.31,2023-12,LOAN,EUR
DE_A20_LOAN_00888,DE_PARTY_00040,PROT_00048,A20,1000,1609.63,2023-12,LOAN,EUR
DE_A20_LOAN_00889,DE_PARTY_00112,PROT_00222,A20,1000,2196.43,2023-12,LOAN,EUR
DE_A20_LOAN_00890,DE_PARTY_00046,PROT_00050,A20,1000,1847.62,2023-12,LOAN,EUR
DE_A20_LOAN_00891,DE_PARTY_00188,PROT_00382,A20,1000,1531.08,2023-12,LOAN,EUR
DE_A20_LOAN_00892,DE_PARTY_00134,PROT_00379,A20,1000,2141.73,2023-12,LOAN,EUR
DE_A20_LOAN_00893,DE_PARTY_00167,PROT_00191,A20,1000,2277.75,2023-12,LOAN,EUR
DE_A20_LOAN_00894,DE_PARTY_00070,PROT_00416,A20,1000,2588.05,2023-12,LOAN,EUR
DE_A20_LOAN_00895,DE_PARTY_00158,PROT_00067,A20,1000,1666.68,2023-12,LOAN,EUR
DE_A20_LOAN_00896,DE_PARTY_00138,PROT_00285,A20,1000,1021.57,2023-12,LOAN,EUR
DE_A20_LOAN_00897,DE_PARTY_00199,PROT_00031,A20,1000,1233.23,2023-12,LOAN,EUR
DE_A20_LOAN_00898,DE_PARTY_00124,PROT_00301,A20,1000,2329.18,2023-12,LOAN,EUR
DE_A20_LOAN_00899,DE_PARTY_00120,PROT_00490,A20,1000,691.74,2023-12,LOAN,EUR
DE_A20_LOAN_00900,DE_PARTY_00112,PROT_00288,A20,1000,1408.91,2023-12,LOAN,EUR
DE_A20_LOAN_00901,DE_PARTY_00188,PROT_00288,A20,1000,891.91,2023-12,LOAN,EUR
DE_A20_LOAN_00902,DE_PARTY_00152,PROT_00169,A20,1000,1148.96,2023-12,LOAN,EUR
DE_A20_LOAN_00903,DE_PARTY_00069,PROT_00344,A20,1000,2431.92,2023-12,LOAN,EUR
DE_A20_LOAN_00904,DE_PARTY_00083,PROT_00063,A20,1000,1266.51,2023-12,LOAN,EUR
DE_A20_LOAN_00905,DE_PARTY_00063,PROT_00211,A20,1000,1161.22,2023-12,LOAN,EUR
DE_A20_LOAN_00906,DE_PARTY_00023,PROT_00182,A20,1000,499.42,2023-12,LOAN,EUR
DE_A20_LOAN_00907,DE_PARTY_00072,PROT_00448,A20,1000,1767.14,2023-12,LOAN,EUR
DE_A20_LOAN_00908,DE_PARTY_00116,PROT_00341,A20,1000,1663.46,2023-12,LOAN,EUR
DE_A20_LOAN_00909,DE_PARTY_00063,PROT_00482,A20,1000,4135.31,2023-12,LOAN,EUR
DE_A20_LOAN_00910,DE_PARTY_00193,PROT_00385,A20,1000,938.89,2023-12,LOAN,EUR
DE_A20_LOAN_00911,DE_PARTY_00119,PROT_00217,A20,1000,1288.01,2023-12,LOAN,EUR
DE_A20_LOAN_00912,DE_PARTY_00146,PROT_00445,A20,1000,1311.59,2023-12,LOAN,EUR
DE_A20_LOAN_00913,DE_PARTY_00157,PROT_00469,A20,1000,2909.79,2023-12,LOAN,EUR
DE_A20_LOAN_00914,DE_PARTY_00172,PROT_00370,A20,1000,1066.55,2023-12,LOAN,EUR
DE_A20_LOAN_00915,DE_PARTY_00098,PROT_00027,A20,1000,1335.12,2023-12,LOAN,EUR
DE_A20_LOAN_00916,DE_PARTY_00087,PROT_00496,A20,1000,1626.36,2023-12,LOAN,EUR
DE_A20_LOAN_00917,DE_PARTY_00008,PROT_00148,A20,1000,1263.11,2023-12,LOAN,EUR
DE_A20_LOAN_00918,DE_PARTY_00127,PROT_00308,A20,1000,863.94,2023-12,LOAN,EUR
DE_A20_LOAN_00919,DE_PARTY_00084,PROT_00160,A20,1000,1268.79,2023-12,LOAN,EUR
DE_A20_LOAN_00920,DE_PARTY_00047,PROT_00181,A20,1000,2150.69,2023-12,LOAN,EUR
DE_A20_LOAN_00921,DE_PARTY_00125,PROT_00054,A20,1000,610.0,2023-12,LOAN,EUR
DE_A20_LOAN_00922,DE_PARTY_00055,PROT_00296,A20,1000,1223.1,2023-12,LOAN,EUR
DE_A20_LOAN_00923,DE_PARTY_00091,PROT_00260,A20,1000,741.96,2023-12,LOAN,EUR
DE_A20_LOAN_00924,DE_PARTY_00067,PROT_00109,A20,1000,2313.21,2023-12,LOAN,EUR
DE_A20_LOAN_00925,DE_PARTY_00088,PROT_00080,A20,1000,452.8,2023-12,LOAN,EUR
DE_A20_LOAN_00926,DE_PARTY_00072,PROT_00337,A20,1000,807.56,2023-12,LOAN,EUR
DE_A20_LOAN_00927,DE_PARTY_00153,PROT_00247,A20,1000,1416.14,2023-12,LOAN,EUR
DE_A20_LOAN_00928,DE_PARTY_00180,PROT_00115,A20,1000,2889.04,2023-12,LOAN,EUR
DE_A20_LOAN_00929,DE_PARTY_00071,PROT_00434,A20,1000,1085.63,2023-12,LOAN,EUR
DE_A20_LOAN_00930,DE_PARTY_00143,PROT_00056,A20,1000,809.36,2023-12,LOAN,EUR
DE_A20_LOAN_00931,DE_PARTY_00003,PROT_00180,A20,1000,3491.4,2023-12,LOAN,EUR
DE_A20_LOAN_00932,DE_PARTY_00133,PROT_00433,A20,1000,473.69,2023-12,LOAN,EUR
DE_A20_LOAN_00933,DE_PARTY_00049,PROT_00285,A20,1000,301.9,2023-12,LOAN,EUR
DE_A20_LOAN_00934,DE_PARTY_00022,PROT_00189,A20,1000,1470.52,2023-12,LOAN,EUR
DE_A20_LOAN_00935,DE_PARTY_00062,PROT_00059,A20,1000,835.59,2023-12,LOAN,EUR
DE_A20_LOAN_00936,DE_PARTY_00185,PROT_00391,A20,1000,611.93,2023-12,LOAN,EUR
DE_A20_LOAN_00937,DE_PARTY_00105,PROT_00143,A20,1000,1727.41,2023-12,LOAN,EUR
DE_A20_LOAN_00938,DE_PARTY_00126,PROT_00294,A20,1000,1307.2,2023-12,LOAN,EUR
DE_A20_LOAN_00939,DE_PARTY_00143,PROT_00116,A20,1000,805.06,2023-12,LOAN,EUR
DE_A20_LOAN_00940,DE_PARTY_00195,PROT_00414,A20,1000,523.84,2023-12,LOAN,EUR
DE_A20_LOAN_00941,DE_PARTY_00062,PROT_00220,A20,1000,1906.15,2023-12,LOAN,EUR
DE_A20_LOAN_00942,DE_PARTY_00177,PROT_00433,A20,1000,1668.17,2023-12,LOAN,EUR
DE_A20_LOAN_00943,DE_PARTY_00122,PROT_00288,A20,1000,1064.07,2023-12,LOAN,EUR
DE_A20_LOAN_00944,DE_PARTY_00166,PROT_00499,A20,1000,3419.83,2023-12,LOAN,EUR
DE_A20_LOAN_00945,DE_PARTY_00183,PROT_00393,A20,1000,594.26,2023-12,LOAN,EUR
DE_A20_LOAN_00946,DE_PARTY_00126,PROT_00420,A20,1000,452.17,2023-12,LOAN,EUR
DE_A20_LOAN_00947,DE_PARTY_00115,PROT_00319,A20,1000,745.62,2023-12,LOAN,EUR
DE_A20_LOAN_00948,DE_PARTY_00005,PROT_00315,A20,1000,1098.84,2023-12,LOAN,EUR
DE_A20_LOAN_00949,DE_PARTY_00024,PROT_00346,A20,1000,1306.84,2023-12,LOAN,EUR
DE_A20_LOAN_00950,DE_PARTY_00076,PROT_00330,A20,1000,977.13,2023-12,LOAN,EUR
DE_A20_LOAN_00951,DE_PARTY_00057,PROT_00286,A20,1000,1394.93,2023-12,LOAN,EUR
DE_A20_LOAN_00952,DE_PARTY_00104,PROT_00014,A20,1000,532.96,2023-12,LOAN,EUR
DE_A20_LOAN_00953,DE_PARTY_00178,PROT_00312,A20,1000,2685.5,2023-12,LOAN,EUR
DE_A20_LOAN_00954,DE_PARTY_00063,PROT_00476,A20,1000,1075.0,2023-12,LOAN,EUR
DE_A20_LOAN_00955,DE_PARTY_00079,PROT_00337,A20,1000,2207.78,2023-12,LOAN,EUR
DE_A20_LOAN_00956,DE_PARTY_00170,PROT_00425,A20,1000,1387.14,2023-12,LOAN,EUR
DE_A20_LOAN_00957,DE_PARTY_00149,PROT_00356,A20,1000,1485.37,2023-12,LOAN,EUR
DE_A20_LOAN_00958,DE_PARTY_00095,PROT_00137,A20,1000,1589.58,2023-12,LOAN,EUR
DE_A20_LOAN_00959,DE_PARTY_00122,PROT_00015,A20,1000,1477.33,2023-12,LOAN,EUR
DE_A20_LOAN_00960,DE_PARTY_00142,PROT_00093,A20,1000,1660.71,2023-12,LOAN,EUR
DE_A20_LOAN_00961,DE_PARTY_00136,PROT_00140,A20,1000,2507.04,2023-12,LOAN,EUR
DE_A20_LOAN_00962,DE_PARTY_00089,PROT_00360,A20,1000,1270.64,2023-12,LOAN,EUR
DE_A20_LOAN_00963,DE_PARTY_00109,PROT_00391,A20,1000,1728.08,2023-12,LOAN,EUR
DE_A20_LOAN_00964,DE_PARTY_00191,PROT_00159,A20,1000,1070.12,2023-12,LOAN,EUR
DE_A20_LOAN_00965,DE_PARTY_00141,PROT_00472,A20,1000,2679.63,2023-12,LOAN,EUR
DE_A20_LOAN_00966,DE_PARTY_00085,PROT_00174,A20,1000,752.6,2023-12,LOAN,EUR
DE_A20_LOAN_00967,DE_PARTY_00091,PROT_00180,A20,1000,3327.34,2023-12,LOAN,EUR
DE_A20_LOAN_00968,DE_PARTY_00180,PROT_00004,A20,1000,1102.43,2023-12,LOAN,EUR
DE_A20_LOAN_00969,DE_PARTY_00117,PROT_00093,A20,1000,478.62,2023-12,LOAN,EUR
DE_A20_LOAN_00970,DE_PARTY_00070,PROT_00446,A20,1000,1219.54,2023-12,LOAN,EUR
DE_A20_LOAN_00971,DE_PARTY_00079,PROT_00074,A20,1000,750.5,2023-12,LOAN,EUR
DE_A20_LOAN_00972,DE_PARTY_00065,PROT_00290,A20,1000,1870.11,2023-12,LOAN,EUR
DE_A20_LOAN_00973,DE_PARTY_00060,PROT_00337,A20,1000,763.41,2023-12,LOAN,EUR
DE_A20_LOAN_00974,DE_PARTY_00031,PROT_00206,A20,1000,864.07,2023-12,LOAN,EUR
DE_A20_LOAN_00975,DE_PARTY_00185,PROT_00036,A20,1000,363.45,2023-12,LOAN,EUR
DE_A20_LOAN_00976,DE_PARTY_00050,PROT_00073,A20,1000,860.9,2023-12,LOAN,EUR
DE_A20_LOAN_00977,DE_PARTY_00081,PROT_00380,A20,1000,263.76,2023-12,LOAN,EUR
DE_A20_LOAN_00978,DE_PARTY_00031,PROT_00325,A20,1000,436.6,2023-12,LOAN,EUR
DE_A20_LOAN_00979,DE_PARTY_00191,PROT_00498,A20,1000,1782.22,2023-12,LOAN,EUR
DE_A20_LOAN_00980,DE_PARTY_00138,PROT_00016,A20,1000,1809.57,2023-12,LOAN,EUR
DE_A20_LOAN_00981,DE_PARTY_00196,PROT_00047,A20,1000,1457.74,2023-12,LOAN,EUR
DE_A20_LOAN_00982,DE_PARTY_00177,PROT_00383,A20,1000,632.18,2023-12,LOAN,EUR
DE_A20_LOAN_00983,DE_PARTY_00048,PROT_00272,A20,1000,1097.44,2023-12,LOAN,EUR
DE_A20_LOAN_00984,DE_PARTY_00050,PROT_00111,A20,1000,1126.87,2023-12,LOAN,EUR
DE_A20_LOAN_00985,DE_PARTY_00056,PROT_00193,A20,1000,563.6,2023-12,LOAN,EUR
DE_A20_LOAN_00986,DE_PARTY_00190,PROT_00215,A20,1000,2783.33,2023-12,LOAN,EUR
DE_A20_LOAN_00987,DE_PARTY_00124,PROT_00233,A20,1000,1911.76,2023-12,LOAN,EUR
DE_A20_LOAN_00988,DE_PARTY_00071,PROT_00175,A20,1000,989.09,2023-12,LOAN,EUR
DE_A20_LOAN_00989,DE_PARTY_00186,PROT_00081,A20,1000,1147.68,2023-12,LOAN,EUR
DE_A20_LOAN_00990,DE_PARTY_00151,PROT_00190,A20,1000,1279.72,2023-12,LOAN,EUR
DE_A20_LOAN_00991,DE_PARTY_00195,PROT_00160,A20,1000,331.73,2023-12,LOAN,EUR
DE_A20_LOAN_00992,DE_PARTY_00135,PROT_00370,A20,1000,973.66,2023-12,LOAN,EUR
DE_A20_LOAN_00993,DE_PARTY_00153,PROT_00167,A20,1000,750.08,2023-12,LOAN,EUR
DE_A20_LOAN_00994,DE_PARTY_00073,PROT_00398,A20,1000,619.18,2023-12,LOAN,EUR
DE_A20_LOAN_00995,DE_PARTY_00026,PROT_00483,A20,1000,954.04,2023-12,LOAN,EUR
DE_A20_LOAN_00996,DE_PARTY_00050,PROT_00291,A20,1000,3320.85,2023-12,LOAN,EUR
DE_A20_LOAN_00997,DE_PARTY_00076,PROT_00306,A20,1000,1658.83,2023-12,LOAN,EUR
DE_A20_LOAN_00998,DE_PARTY_00059,PROT_00044,A20,1000,801.64,2023-12,LOAN,EUR
DE_A20_LOAN_00999,DE_PARTY_00093,PROT_00453,A20,1000,1592.27,2023-12,LOAN,EUR
