party_id,party_rigg_id,counterparty_sector,country,is_rigg_aligned
DE_PARTY_00001,RIGG_DE_00001,S11,DE,True
DE_PARTY_00002,RIGG_DE_00002,S11,DE,True
DE_PARTY_00003,RIGG_DE_00003,S11,DE,True
DE_PARTY_00004,RIGG_DE_00004,S11,DE,True
DE_PARTY_00005,RIGG_DE_00005,S11,DE,True
DE_PARTY_00006,RIGG_DE_00006,S11,DE,True
DE_PARTY_00007,RIGG_DE_00007,S11,DE,True
DE_PARTY_00008,RIGG_DE_00008,S11,DE,True
DE_PARTY_00009,RIGG_DE_00009,S11,DE,True
DE_PARTY_00010,RIGG_DE_00010,S11,DE,True
DE_PARTY_00011,RIGG_DE_00011,S11,DE,True
DE_PARTY_00012,RIGG_DE_00012,S11,DE,True
DE_PARTY_00013,RIGG_DE_00013,S11,DE,True
DE_PARTY_00014,RIGG_DE_00014,S11,DE,True
DE_PARTY_00015,RIGG_DE_00015,S11,DE,True
DE_PARTY_00016,RIGG_DE_00016,S11,DE,True
DE_PARTY_00017,RIGG_DE_00017,S11,DE,True
DE_PARTY_00018,RIGG_DE_00018,S11,DE,True
DE_PARTY_00019,RIGG_DE_00019,S11,DE,True
DE_PARTY_00020,RIGG_DE_00020,S11,DE,True
DE_PARTY_00021,RIGG_DE_00021,S11,DE,True
DE_PARTY_00022,RIGG_DE_00022,S11,DE,True
DE_PARTY_00023,RIGG_DE_00023,S11,DE,True
DE_PARTY_00024,RIGG_DE_00024,S11,DE,True
DE_PARTY_00025,RIGG_DE_00025,S11,DE,True
DE_PARTY_00026,RIGG_DE_00026,S11,DE,True
DE_PARTY_00027,RIGG_DE_00027,S11,DE,True
DE_PARTY_00028,RIGG_DE_00028,S11,DE,True
DE_PARTY_00029,RIGG_DE_00029,S11,DE,True
DE_PARTY_00030,RIGG_DE_00030,S11,DE,True
DE_PARTY_00031,RIGG_DE_00031,S11,DE,True
DE_PARTY_00032,RIGG_DE_00032,S11,DE,True
DE_PARTY_00033,RIGG_DE_00033,S11,DE,True
DE_PARTY_00034,RIGG_DE_00034,S11,DE,True
DE_PARTY_00035,RIGG_DE_00035,S11,DE,True
DE_PARTY_00036,RIGG_DE_00036,S11,DE,True
DE_PARTY_00037,RIGG_DE_00037,S11,DE,True
DE_PARTY_00038,RIGG_DE_00038,S11,DE,True
DE_PARTY_00039,RIGG_DE_00039,S11,DE,True
DE_PARTY_00040,RIGG_DE_00040,S11,DE,True
DE_PARTY_00041,RIGG_DE_00041,S11,DE,True
DE_PARTY_00042,RIGG_DE_00042,S11,DE,True
DE_PARTY_00043,RIGG_DE_00043,S11,DE,True
DE_PARTY_00044,RIGG_DE_00044,S11,DE,True
DE_PARTY_00045,RIGG_DE_00045,S11,DE,True
DE_PARTY_00046,RIGG_DE_00046,S11,DE,True
DE_PARTY_00047,RIGG_DE_00047,S11,DE,True
DE_PARTY_00048,RIGG_DE_00048,S11,DE,True
DE_PARTY_00049,RIGG_DE_00049,S11,DE,True
DE_PARTY_00050,RIGG_DE_00050,S11,DE,True
DE_PARTY_00051,RIGG_DE_00051,S11,DE,True
DE_PARTY_00052,RIGG_DE_00052,S11,DE,True
DE_PARTY_00053,RIGG_DE_00053,S11,DE,True
DE_PARTY_00054,RIGG_DE_00054,S11,DE,True
DE_PARTY_00055,RIGG_DE_00055,S11,DE,True
DE_PARTY_00056,RIGG_DE_00056,S11,DE,True
DE_PARTY_00057,RIGG_DE_00057,S11,DE,True
DE_PARTY_00058,RIGG_DE_00058,S11,DE,True
DE_PARTY_00059,RIGG_DE_00059,S11,DE,True
DE_PARTY_00060,RIGG_DE_00060,S11,DE,True
DE_PARTY_00061,RIGG_DE_00061,S11,DE,True
DE_PARTY_00062,RIGG_DE_00062,S11,DE,True
DE_PARTY_00063,RIGG_DE_00063,S11,DE,True
DE_PARTY_00064,RIGG_DE_00064,S11,DE,True
DE_PARTY_00065,RIGG_DE_00065,S11,DE,True
DE_PARTY_00066,RIGG_DE_00066,S11,DE,True
DE_PARTY_00067,RIGG_DE_00067,S11,DE,True
DE_PARTY_00068,RIGG_DE_00068,S11,DE,True
DE_PARTY_00069,RIGG_DE_00069,S11,DE,True
DE_PARTY_00070,RIGG_DE_00070,S11,DE,True
DE_PARTY_00071,RIGG_DE_00071,S11,DE,True
DE_PARTY_00072,RIGG_DE_00072,S11,DE,True
DE_PARTY_00073,RIGG_DE_00073,S11,DE,True
DE_PARTY_00074,RIGG_DE_00074,S11,DE,True
DE_PARTY_00075,RIGG_DE_00075,S11,DE,True
DE_PARTY_00076,RIGG_DE_00076,S11,DE,True
DE_PARTY_00077,RIGG_DE_00077,S11,DE,True
DE_PARTY_00078,RIGG_DE_00078,S11,DE,True
DE_PARTY_00079,RIGG_DE_00079,S11,DE,True
DE_PARTY_00080,RIGG_DE_00080,S11,DE,True
DE_PARTY_00081,RIGG_DE_00081,S11,DE,True
DE_PARTY_00082,RIGG_DE_00082,S11,DE,True
DE_PARTY_00083,RIGG_DE_00083,S11,DE,True
DE_PARTY_00084,RIGG_DE_00084,S11,DE,True
DE_PARTY_00085,RIGG_DE_00085,S11,DE,True
DE_PARTY_00086,RIGG_DE_00086,S11,DE,True
DE_PARTY_00087,RIGG_DE_00087,S11,DE,True
DE_PARTY_00088,RIGG_DE_00088,S11,DE,True
DE_PARTY_00089,RIGG_DE_00089,S11,DE,True
DE_PARTY_00090,RIGG_DE_00090,S11,DE,True
DE_PARTY_00091,RIGG_DE_00091,S11,DE,True
DE_PARTY_00092,RIGG_DE_00092,S11,DE,True
DE_PARTY_00093,RIGG_DE_00093,S11,DE,True
DE_PARTY_00094,RIGG_DE_00094,S11,DE,True
DE_PARTY_00095,RIGG_DE_00095,S11,DE,True
DE_PARTY_00096,RIGG_DE_00096,S11,DE,True
DE_PARTY_00097,RIGG_DE_00097,S11,DE,True
DE_PARTY_00098,RIGG_DE_00098,S11,DE,True
DE_PARTY_00099,RIGG_DE_00099,S11,DE,True
DE_PARTY_00100,RIGG_DE_00100,S11,DE,True
DE_PARTY_00101,RIGG_DE_00101,S11,DE,True
DE_PARTY_00102,RIGG_DE_00102,S11,DE,True
DE_PARTY_00103,RIGG_DE_00103,S11,DE,True
DE_PARTY_00104,RIGG_DE_00104,S11,DE,True
DE_PARTY_00105,RIGG_DE_00105,S11,DE,True
DE_PARTY_00106,RIGG_DE_00106,S11,DE,True
DE_PARTY_00107,RIGG_DE_00107,S11,DE,True
DE_PARTY_00108,RIGG_DE_00108,S11,DE,True
DE_PARTY_00109,RIGG_DE_00109,S11,DE,True
DE_PARTY_00110,RIGG_DE_00110,S11,DE,True
DE_PARTY_00111,RIGG_DE_00111,S11,DE,True
DE_PARTY_00112,RIGG_DE_00112,S11,DE,True
DE_PARTY_00113,RIGG_DE_00113,S11,DE,True
DE_PARTY_00114,RIGG_DE_00114,S11,DE,True
DE_PARTY_00115,RIGG_DE_00115,S11,DE,True
DE_PARTY_00116,RIGG_DE_00116,S11,DE,True
DE_PARTY_00117,RIGG_DE_00117,S11,DE,True
DE_PARTY_00118,RIGG_DE_00118,S11,DE,True
DE_PARTY_00119,RIGG_DE_00119,S11,DE,True
DE_PARTY_00120,RIGG_DE_00120,S11,DE,True
DE_PARTY_00121,RIGG_DE_00121,S11,DE,True
DE_PARTY_00122,RIGG_DE_00122,S11,DE,True
DE_PARTY_00123,RIGG_DE_00123,S11,DE,True
DE_PARTY_00124,RIGG_DE_00124,S11,DE,True
DE_PARTY_00125,RIGG_DE_00125,S11,DE,True
DE_PARTY_00126,RIGG_DE_00126,S11,DE,True
DE_PARTY_00127,RIGG_DE_00127,S11,DE,True
DE_PARTY_00128,RIGG_DE_00128,S11,DE,True
DE_PARTY_00129,RIGG_DE_00129,S11,DE,True
DE_PARTY_00130,RIGG_DE_00130,S11,DE,True
DE_PARTY_00131,RIGG_DE_00131,S11,DE,True
DE_PARTY_00132,RIGG_DE_00132,S11,DE,True
DE_PARTY_00133,RIGG_DE_00133,S11,DE,True
DE_PARTY_00134,RIGG_DE_00134,S11,DE,True
DE_PARTY_00135,RIGG_DE_00135,S11,DE,True
DE_PARTY_00136,RIGG_DE_00136,S11,DE,True
DE_PARTY_00137,RIGG_DE_00137,S11,DE,True
DE_PARTY_00138,RIGG_DE_00138,S11,DE,True
DE_PARTY_00139,RIGG_DE_00139,S11,DE,True
DE_PARTY_00140,RIGG_DE_00140,S11,DE,True
DE_PARTY_00141,RIGG_DE_00141,S11,DE,True
DE_PARTY_00142,RIGG_DE_00142,S11,DE,True
DE_PARTY_00143,RIGG_DE_00143,S11,DE,True
DE_PARTY_00144,RIGG_DE_00144,S11,DE,True
DE_PARTY_00145,RIGG_DE_00145,S11,DE,True
DE_PARTY_00146,RIGG_DE_00146,S11,DE,True
DE_PARTY_00147,RIGG_DE_00147,S11,DE,True
DE_PARTY_00148,RIGG_DE_00148,S11,DE,True
DE_PARTY_00149,RIGG_DE_00149,S11,DE,True
DE_PARTY_00150,RIGG_DE_00150,S11,DE,True
DE_PARTY_00151,RIGG_DE_00151,S11,DE,True
DE_PARTY_00152,RIGG_DE_00152,S11,DE,True
DE_PARTY_00153,RIGG_DE_00153,S11,DE,True
DE_PARTY_00154,RIGG_DE_00154,S11,DE,True
DE_PARTY_00155,RIGG_DE_00155,S11,DE,True
DE_PARTY_00156,RIGG_DE_00156,S11,DE,True
DE_PARTY_00157,RIGG_DE_00157,S11,DE,True
DE_PARTY_00158,RIGG_DE_00158,S11,DE,True
DE_PARTY_00159,RIGG_DE_00159,S11,DE,True
DE_PARTY_00160,RIGG_DE_00160,S11,DE,True
DE_PARTY_00161,RIGG_DE_00161,S11,DE,True
DE_PARTY_00162,RIGG_DE_00162,S11,DE,True
DE_PARTY_00163,RIGG_DE_00163,S11,DE,True
DE_PARTY_00164,RIGG_DE_00164,S11,DE,True
DE_PARTY_00165,RIGG_DE_00165,S11,DE,True
DE_PARTY_00166,RIGG_DE_00166,S11,DE,True
DE_PARTY_00167,RIGG_DE_00167,S11,DE,True
DE_PARTY_00168,RIGG_DE_00168,S11,DE,True
DE_PARTY_00169,RIGG_DE_00169,S11,DE,True
DE_PARTY_00170,RIGG_DE_00170,S11,DE,True
DE_PARTY_00171,RIGG_DE_00171,S11,DE,True
DE_PARTY_00172,RIGG_DE_00172,S11,DE,True
DE_PARTY_00173,RIGG_DE_00173,S11,DE,True
DE_PARTY_00174,RIGG_DE_00174,S11,DE,True
DE_PARTY_00175,RIGG_DE_00175,S11,DE,True
DE_PARTY_00176,RIGG_DE_00176,S11,DE,True
DE_PARTY_00177,RIGG_DE_00177,S11,DE,True
DE_PARTY_00178,RIGG_DE_00178,S11,DE,True
DE_PARTY_00179,RIGG_DE_00179,S11,DE,True
DE_PARTY_00180,RIGG_DE_00180,S11,DE,True
DE_PARTY_00181,RIGG_DE_00181,S11,DE,True
DE_PARTY_00182,RIGG_DE_00182,S11,DE,True
DE_PARTY_00183,RIGG_DE_00183,S11,DE,True
DE_PARTY_00184,RIGG_DE_00184,S11,DE,True
DE_PARTY_00185,RIGG_DE_00185,S11,DE,True
DE_PARTY_00186,RIGG_DE_00186,S11,DE,True
DE_PARTY_00187,RIGG_DE_00187,S11,DE,True
DE_PARTY_00188,RIGG_DE_00188,S11,DE,True
DE_PARTY_00189,RIGG_DE_00189,S11,DE,True
DE_PARTY_00190,RIGG_DE_00190,S11,DE,True
DE_PARTY_00191,RIGG_DE_00191,S11,DE,True
DE_PARTY_00192,RIGG_DE_00192,S11,DE,True
DE_PARTY_00193,RIGG_DE_00193,S11,DE,True
DE_PARTY_00194,RIGG_DE_00194,S11,DE,True
DE_PARTY_00195,RIGG_DE_00195,S11,DE,True
DE_PARTY_00196,RIGG_DE_00196,S11,DE,True
DE_PARTY_00197,RIGG_DE_00197,S11,DE,True
DE_PARTY_00198,RIGG_DE_00198,S11,DE,True
DE_PARTY_00199,RIGG_DE_00199,S11,DE,True
DE_PARTY_00200,RIGG_DE_00200,S11,DE,True
